Uniprot	attribute	value
P01236	UniProtKB-ID	PRL
P01236	Gene_Name	PRL
P01236	Alt_uniprot	Q9UP51
P01236	Alt_uniprot	Q5THQ0
P01236	Alt_uniprot	V9H0U8
P01236	Alt_uniprot	A6XMH3
P01236	Alt_uniprot	Q5I0G2
P01236	Gene_Synonym	prolactin
P01236	Gene_Synonym	GHA1
P01236	STRING	9606.ENSP00000302150
P01236	GeneCards	PRL
P01236	KEGG	hsa:5617
P01236	MIM	176760
P01236	GeneID	5617
Q02297	UniProtKB-ID	NRG1
Q02297	Gene_Name	NRG1
Q02297	Alt_uniprot	Q7RTW3
Q02297	Alt_uniprot	B9EK51
Q02297	Alt_uniprot	Q7RTW5
Q02297	Alt_uniprot	Q7RTW4
Q02297	Alt_uniprot	Q96IB3
Q02297	Alt_uniprot	Q53F54
Q02297	Alt_uniprot	Q7RTV8
Q02297	Alt_uniprot	B0FYA7
Q02297	Alt_uniprot	B5BU95
Q02297	Alt_uniprot	E3SFM9
Q02297	Alt_uniprot	B7Z168
Q02297	Alt_uniprot	Q6ICV5
Q02297	Gene_Synonym	HGL
Q02297	Gene_Synonym	GGF
Q02297	Gene_Synonym	SMDF
Q02297	Gene_Synonym	HRGA
Q02297	Gene_Synonym	NDF
Q02297	STRING	9606.ENSP00000349275
Q02297	GeneCards	NRG1
Q02297	KEGG	hsa:3084
Q02297	MIM	142445
Q02297	GeneID	3084
P35070	UniProtKB-ID	BTC
P35070	Gene_Name	BTC
P35070	Alt_uniprot	A0A0S2Z437
P35070	STRING	9606.ENSP00000379092
P35070	GeneCards	BTC
P35070	KEGG	hsa:685
P35070	MIM	600345
P35070	GeneID	685
Q01581	UniProtKB-ID	HMCS1
Q01581	Gene_Name	HMGCS1
Q01581	Alt_uniprot	A0A024R059
Q01581	Alt_uniprot	Q8N995
Q01581	Alt_uniprot	D6RIW1
Q01581	Gene_Synonym	HMGCS
Q01581	STRING	9606.ENSP00000322706
Q01581	GeneCards	HMGCS1
Q01581	KEGG	hsa:3157
Q01581	MIM	142940
Q01581	GeneID	3157
Q14247	UniProtKB-ID	SRC8
Q14247	Gene_Name	CTTN
Q14247	Alt_uniprot	A0A024R5M3
Q14247	Alt_uniprot	Q53HG7
Q14247	Alt_uniprot	Q76MU0
Q14247	Alt_uniprot	B4E358
Q14247	Gene_Synonym	EMS1
Q14247	GeneCards	CTTN
Q14247	KEGG	hsa:2017
Q14247	MIM	164765
Q14247	GeneID	2017
P34972	UniProtKB-ID	CNR2
P34972	Gene_Name	CNR2
P34972	Alt_uniprot	A0A024RAH7
P34972	Gene_Synonym	CB2A
P34972	Gene_Synonym	CB2B
P34972	STRING	9606.ENSP00000363596
P34972	GeneCards	CNR2
P34972	KEGG	hsa:1269
P34972	MIM	605051
P34972	GeneID	1269
P48552	UniProtKB-ID	NRIP1
P48552	Gene_Name	NRIP1
P48552	Alt_uniprot	A8K171
P48552	STRING	9606.ENSP00000327213
P48552	GeneCards	NRIP1
P48552	KEGG	hsa:8204
P48552	MIM	602490
P48552	GeneID	8204
P05412	UniProtKB-ID	JUN
P05412	Gene_Name	JUN
P05412	Alt_uniprot	Q6FHK0
P05412	STRING	9606.ENSP00000360266
P05412	GeneCards	JUN
P05412	KEGG	hsa:3725
P05412	MIM	165160
P05412	GeneID	3725
Q9Y2T6	UniProtKB-ID	GPR55
Q9Y2T6	Gene_Name	GPR55
Q9Y2T6	Alt_uniprot	A8K858
Q9Y2T6	Alt_uniprot	C9J1P7
Q9Y2T6	STRING	9606.ENSP00000375893
Q9Y2T6	GeneCards	GPR55
Q9Y2T6	KEGG	hsa:9290
Q9Y2T6	MIM	604107
Q9Y2T6	GeneID	9290
P27361	UniProtKB-ID	MK03
P27361	Gene_Name	MAPK3
P27361	Alt_uniprot	L7RXH5
P27361	Gene_Synonym	PRKM3
P27361	Gene_Synonym	ERK1
P27361	STRING	9606.ENSP00000263025
P27361	GeneCards	MAPK3
P27361	KEGG	hsa:5595
P27361	MIM	601795
P27361	GeneID	5595
O60462	UniProtKB-ID	NRP2
O60462	Gene_Name	NRP2
O60462	Alt_uniprot	X5D7M1
O60462	Alt_uniprot	A8K4G9
O60462	Alt_uniprot	B7ZL68
O60462	Alt_uniprot	Q7Z3T9
O60462	Alt_uniprot	C9JH98
O60462	Gene_Synonym	DKFZp686J1169
O60462	Gene_Synonym	VEGF165R2
O60462	STRING	9606.ENSP00000353582
O60462	GeneCards	NRP2
O60462	KEGG	hsa:8828
O60462	MIM	602070
O60462	GeneID	8828
Q8IYD8	UniProtKB-ID	FANCM
Q8IYD8	Gene_Name	FANCM
Q8IYD8	Gene_Synonym	KIAA1596
Q8IYD8	STRING	9606.ENSP00000267430
Q8IYD8	GeneCards	FANCM
Q8IYD8	KEGG	hsa:57697
Q8IYD8	MIM	609644
Q8IYD8	GeneID	57697
P15927	UniProtKB-ID	RFA2
P15927	Gene_Name	RPA2
P15927	Alt_uniprot	Q5TEJ0
P15927	Alt_uniprot	B2R7E8
P15927	Alt_uniprot	B4DQD9
P15927	Alt_uniprot	B4DL94
P15927	Alt_uniprot	B4DUL2
P15927	Gene_Synonym	REPA2
P15927	Gene_Synonym	RPA34
P15927	Gene_Synonym	RPA32
P15927	STRING	9606.ENSP00000363021
P15927	GeneCards	RPA2
P15927	KEGG	hsa:6118
P15927	MIM	179836
P15927	GeneID	6118
Q13191	UniProtKB-ID	CBLB
Q13191	Gene_Name	CBLB
Q13191	Alt_uniprot	B8K284
Q13191	Alt_uniprot	C9JRB3
Q13191	Alt_uniprot	B5MC15
Q13191	Gene_Synonym	RNF56
Q13191	STRING	9606.ENSP00000264122
Q13191	GeneCards	CBLB
Q13191	KEGG	hsa:868
Q13191	MIM	604491
Q13191	GeneID	868
P63244	UniProtKB-ID	RACK1
P63244	Gene_Name	RACK1
P63244	Alt_uniprot	D6RF23
P63244	Alt_uniprot	E9KL35
P63244	Gene_Synonym	GNB2L1
P63244	STRING	9606.ENSP00000426909
P63244	GeneCards	RACK1
P63244	KEGG	hsa:10399
P63244	MIM	176981
P63244	GeneID	10399
P06401	UniProtKB-ID	PRGR
P06401	Gene_Name	PGR
P06401	Alt_uniprot	Q6TZ07
P06401	Alt_uniprot	A0A087WXR4
P06401	Alt_uniprot	Q8NG42
P06401	Alt_uniprot	Q8NG43
P06401	Alt_uniprot	Q8NG45
P06401	Gene_Synonym	NR3C3
P06401	Gene_Synonym	PR
P06401	STRING	9606.ENSP00000325120
P06401	GeneCards	PGR
P06401	KEGG	hsa:5241
P06401	MIM	607311
P06401	GeneID	5241
P52333	UniProtKB-ID	JAK3
P52333	Gene_Name	JAK3
P52333	Alt_uniprot	A0A024R7M7
P52333	Alt_uniprot	A0A0S2Z485
P52333	Alt_uniprot	Q9UMU1
P52333	Alt_uniprot	Q6LD09
P52333	Gene_Synonym	hJak3S
P52333	STRING	9606.ENSP00000391676
P52333	GeneCards	JAK3
P52333	KEGG	hsa:3718
P52333	MIM	600802
P52333	MIM	600173
P52333	GeneID	3718
Q08426	UniProtKB-ID	ECHP
Q08426	Gene_Name	EHHADH
Q08426	Gene_Synonym	ECHD
Q08426	STRING	9606.ENSP00000231887
Q08426	GeneCards	EHHADH
Q08426	KEGG	hsa:1962
Q08426	MIM	615605
Q08426	MIM	607037
Q08426	GeneID	1962
O43915	UniProtKB-ID	VEGFD
O43915	Gene_Name	VEGFD
O43915	Alt_uniprot	Q53FX1
O43915	Gene_Synonym	FIGF
O43915	STRING	9606.ENSP00000297904
O43915	GeneCards	VEGFD
O43915	KEGG	hsa:2277
O43915	MIM	300091
O43915	GeneID	2277
O15520	UniProtKB-ID	FGF10
O15520	Gene_Name	FGF10
O15520	Alt_uniprot	D6RG33
O15520	Alt_uniprot	Q8NFI9
O15520	STRING	9606.ENSP00000264664
O15520	GeneCards	FGF10
O15520	KEGG	hsa:2255
O15520	MIM	149730
O15520	MIM	602115
O15520	MIM	180920
O15520	GeneID	2255
P03372	UniProtKB-ID	ESR1
P03372	Gene_Name	ESR1
P03372	Alt_uniprot	K4PXX0
P03372	Alt_uniprot	G4XH65
P03372	Alt_uniprot	H0Y4W6
P03372	Alt_uniprot	E3WH18
P03372	Alt_uniprot	Q5T5H8
P03372	Alt_uniprot	Q9UE35
P03372	Alt_uniprot	K4PX46
P03372	Alt_uniprot	A8KAF4
P03372	Alt_uniprot	B0QYW7
P03372	Alt_uniprot	K7R989
P03372	Alt_uniprot	B4E3R5
P03372	Alt_uniprot	Q9H1Z6
P03372	Alt_uniprot	B6ZGU3
P03372	Gene_Synonym	NR3A1
P03372	Gene_Synonym	ESR
P03372	Gene_Synonym	estrogen receptor
P03372	STRING	9606.ENSP00000206249
P03372	GeneCards	ESR1
P03372	KEGG	hsa:2099
P03372	MIM	133430
P03372	MIM	615363
P03372	GeneID	2099
P62942	UniProtKB-ID	FKB1A
P62942	Gene_Name	FKBP1A
P62942	Alt_uniprot	Q0VDC6
P62942	Gene_Synonym	FKBP12
P62942	Gene_Synonym	FKBP1
P62942	STRING	9606.ENSP00000371138
P62942	GeneCards	FKBP1A
P62942	KEGG	hsa:2280
P62942	MIM	186945
P62942	GeneID	2280
Q9Y243	UniProtKB-ID	AKT3
Q9Y243	Gene_Name	AKT3
Q9Y243	Alt_uniprot	Q56A86
Q9Y243	Alt_uniprot	F8VS91
Q9Y243	Gene_Synonym	PKBG
Q9Y243	STRING	9606.ENSP00000263826
Q9Y243	GeneCards	AKT3
Q9Y243	KEGG	hsa:10000
Q9Y243	MIM	611223
Q9Y243	MIM	615937
Q9Y243	GeneID	10000
Q6BDS2	UniProtKB-ID	URFB1
Q6BDS2	Gene_Name	UHRF1BP1
Q6BDS2	Alt_uniprot	H7C1J4
Q6BDS2	Alt_uniprot	B2RNT9
Q6BDS2	Gene_Synonym	C6orf107
Q6BDS2	STRING	9606.ENSP00000192788
Q6BDS2	GeneCards	UHRF1BP1
Q6BDS2	KEGG	hsa:54887
Q6BDS2	GeneID	54887
P06307	UniProtKB-ID	CCKN
P06307	Gene_Name	CCK
P06307	Alt_uniprot	Q6FG82
P06307	STRING	9606.ENSP00000335657
P06307	GeneCards	CCK
P06307	KEGG	hsa:885
P06307	MIM	118440
P06307	GeneID	885
P14138	UniProtKB-ID	EDN3
P14138	Gene_Name	EDN3
P14138	Alt_uniprot	Q6LDQ8
P14138	STRING	9606.ENSP00000337128
P14138	GeneCards	EDN3
P14138	KEGG	hsa:1908
P14138	MIM	131242
P14138	MIM	613712
P14138	MIM	613265
P14138	MIM	209880
P14138	GeneID	1908
P17787	UniProtKB-ID	ACHB2
P17787	Gene_Name	CHRNB2
P17787	Alt_uniprot	A0A1B0GTH5
P17787	Alt_uniprot	Q5SXY3
P17787	Alt_uniprot	A0A1B0GVD7
P17787	STRING	9606.ENSP00000357461
P17787	GeneCards	CHRNB2
P17787	KEGG	hsa:1141
P17787	MIM	605375
P17787	MIM	118507
P17787	GeneID	1141
P07948	UniProtKB-ID	LYN
P07948	Gene_Name	LYN
P07948	Alt_uniprot	E5RJ37
P07948	Alt_uniprot	A8K379
P07948	Gene_Synonym	JTK8
P07948	STRING	9606.ENSP00000428924
P07948	GeneCards	LYN
P07948	KEGG	hsa:4067
P07948	MIM	165120
P07948	GeneID	4067
P08253	UniProtKB-ID	MMP2
P08253	Gene_Name	MMP2
P08253	Alt_uniprot	A0A024R6R4
P08253	Gene_Synonym	CLG4A
P08253	STRING	9606.ENSP00000219070
P08253	GeneCards	MMP2
P08253	KEGG	hsa:4313
P08253	MIM	259600
P08253	MIM	120360
P08253	GeneID	4313
Q9UBS0	UniProtKB-ID	KS6B2
Q9UBS0	Gene_Name	RPS6KB2
Q9UBS0	Alt_uniprot	A0A024R5J9
Q9UBS0	Alt_uniprot	G3V2F1
Q9UBS0	Alt_uniprot	Q9BRS0
Q9UBS0	Gene_Synonym	STK14B
Q9UBS0	STRING	9606.ENSP00000308413
Q9UBS0	GeneCards	RPS6KB2
Q9UBS0	KEGG	hsa:6199
Q9UBS0	MIM	608939
Q9UBS0	GeneID	6199
Q9UBS5	UniProtKB-ID	GABR1
Q9UBS5	Gene_Name	GABBR1
Q9UBS5	Alt_uniprot	A0A1U9X7R0
Q9UBS5	Alt_uniprot	A0A1U9X7R1
Q9UBS5	Alt_uniprot	C9JZG6
Q9UBS5	Alt_uniprot	A0A1U9X7Q9
Q9UBS5	Alt_uniprot	A0A1U9X7Q8
Q9UBS5	Alt_uniprot	Q5SUJ9
Q9UBS5	Alt_uniprot	Q8IW08
Q9UBS5	Alt_uniprot	Q53EM0
Q9UBS5	Alt_uniprot	A0A140TA42
Q9UBS5	Alt_uniprot	A0A1U9X7Q3
Q9UBS5	Alt_uniprot	C9J342
Q9UBS5	Alt_uniprot	A0A0G2JKF9
Q9UBS5	Alt_uniprot	F8WAS6
Q9UBS5	Alt_uniprot	F8WAV2
Q9UBS5	Gene_Synonym	GPRC3A
Q9UBS5	STRING	9606.ENSP00000366233
Q9UBS5	GeneCards	GABBR1
Q9UBS5	KEGG	hsa:2550
Q9UBS5	MIM	603540
Q9UBS5	GeneID	2550
O60674	UniProtKB-ID	JAK2
O60674	Gene_Name	JAK2
O60674	Alt_uniprot	Q8IXP2
O60674	Alt_uniprot	B4DYV1
O60674	Alt_uniprot	A8K910
O60674	Alt_uniprot	A0A1B0GTR9
O60674	Alt_uniprot	Q506Q0
O60674	Alt_uniprot	Q52R86
O60674	STRING	9606.ENSP00000371067
O60674	GeneCards	JAK2
O60674	KEGG	hsa:3717
O60674	MIM	601626
O60674	MIM	254450
O60674	MIM	600880
O60674	MIM	147796
O60674	MIM	614521
O60674	MIM	263300
O60674	GeneID	3717
O60671	UniProtKB-ID	RAD1
O60671	Gene_Name	RAD1
O60671	Alt_uniprot	A0A024R045
O60671	Gene_Synonym	REC1
O60671	STRING	9606.ENSP00000340879
O60671	GeneCards	RAD1
O60671	KEGG	hsa:5810
O60671	MIM	603153
O60671	GeneID	5810
Q15119	UniProtKB-ID	PDK2
Q15119	Gene_Name	PDK2
Q15119	Gene_Synonym	PDHK2
Q15119	STRING	9606.ENSP00000420927
Q15119	GeneCards	PDK2
Q15119	KEGG	hsa:5164
Q15119	MIM	602525
Q15119	GeneID	5164
P32238	UniProtKB-ID	CCKAR
P32238	Gene_Name	CCKAR
P32238	Gene_Synonym	CCKRA
P32238	STRING	9606.ENSP00000295589
P32238	GeneCards	CCKAR
P32238	KEGG	hsa:886
P32238	MIM	118444
P32238	GeneID	886
Q9Y5Y4	UniProtKB-ID	PD2R2
Q9Y5Y4	Gene_Name	PTGDR2
Q9Y5Y4	Alt_uniprot	A8K5Q6
Q9Y5Y4	Gene_Synonym	GPR44
Q9Y5Y4	Gene_Synonym	CRTH2
Q9Y5Y4	Gene_Synonym	DL1R
Q9Y5Y4	STRING	9606.ENSP00000332812
Q9Y5Y4	GeneCards	PTGDR2
Q9Y5Y4	KEGG	hsa:11251
Q9Y5Y4	MIM	604837
Q9Y5Y4	GeneID	11251
P0DP23	UniProtKB-ID	CALM1
P0DP23	Gene_Name	CALM1
P0DP23	Alt_uniprot	P0DP24
P0DP23	Alt_uniprot	P0DP25
P0DP23	Alt_uniprot	Q96HY3
P0DP23	Alt_uniprot	B4DJ51
P0DP23	Alt_uniprot	G3V361
P0DP23	Gene_Synonym	CALM2
P0DP23	Gene_Synonym	CALM3
P0DP23	Gene_Synonym	CAM3
P0DP23	Gene_Synonym	CAM2
P0DP23	Gene_Synonym	CAM1
P0DP23	Gene_Synonym	CAMIII
P0DP23	Gene_Synonym	CALM
P0DP23	Gene_Synonym	CAM
P0DP23	Gene_Synonym	CALML2
P0DP23	Gene_Synonym	CAMC
P0DP23	Gene_Synonym	CAMB
P0DP23	KEGG	hsa:801
P0DP23	KEGG	hsa:805
P0DP23	KEGG	hsa:808
P0DP23	MIM	114180
P0DP23	MIM	114183
P0DP23	MIM	114182
P0DP23	MIM	616249
P0DP23	MIM	614916
P0DP23	MIM	616247
P0DP23	GeneID	808
P0DP23	GeneID	801
P0DP23	GeneID	805
P54868	UniProtKB-ID	HMCS2
P54868	Gene_Name	HMGCS2
P54868	Alt_uniprot	A0A140VJL2
P54868	STRING	9606.ENSP00000358414
P54868	GeneCards	HMGCS2
P54868	KEGG	hsa:3158
P54868	MIM	600234
P54868	MIM	605911
P54868	GeneID	3158
P54132	UniProtKB-ID	BLM
P54132	Gene_Name	BLM
P54132	Alt_uniprot	B2RAN0
P54132	Gene_Synonym	RECQ2
P54132	Gene_Synonym	RECQL3
P54132	STRING	9606.ENSP00000347232
P54132	GeneCards	BLM
P54132	KEGG	hsa:641
P54132	MIM	210900
P54132	MIM	604610
P54132	GeneID	641
P20292	UniProtKB-ID	AL5AP
P20292	Gene_Name	ALOX5AP
P20292	Alt_uniprot	A0A087WW23
P20292	Gene_Synonym	FLAP
P20292	STRING	9606.ENSP00000369858
P20292	GeneCards	ALOX5AP
P20292	KEGG	hsa:241
P20292	MIM	601367
P20292	MIM	603700
P20292	GeneID	241
P56945	UniProtKB-ID	BCAR1
P56945	Gene_Name	BCAR1
P56945	Alt_uniprot	H3BTL5
P56945	Alt_uniprot	B2RBL9
P56945	Alt_uniprot	D3DUK1
P56945	Alt_uniprot	H3BVF0
P56945	Alt_uniprot	H3BTB0
P56945	Alt_uniprot	H3BQJ7
P56945	Alt_uniprot	Q8NC57
P56945	Alt_uniprot	H3BSB2
P56945	Alt_uniprot	H3BU42
P56945	Alt_uniprot	H3BSY4
P56945	Alt_uniprot	B3KW85
P56945	Alt_uniprot	Q6P5Z4
P56945	Gene_Synonym	CAS
P56945	Gene_Synonym	CASS1
P56945	Gene_Synonym	CRKAS
P56945	STRING	9606.ENSP00000391669
P56945	GeneCards	BCAR1
P56945	KEGG	hsa:9564
P56945	MIM	602941
P56945	GeneID	9564
P20366	UniProtKB-ID	TKN1
P20366	Gene_Name	TAC1
P20366	Gene_Synonym	NKA
P20366	Gene_Synonym	NKNA
P20366	Gene_Synonym	TAC2
P20366	STRING	9606.ENSP00000321106
P20366	GeneCards	TAC1
P20366	KEGG	hsa:6863
P20366	MIM	162320
P20366	GeneID	6863
Q9NPF7	UniProtKB-ID	IL23A
Q9NPF7	Gene_Name	IL23A
Q9NPF7	Gene_Synonym	SGRF
Q9NPF7	STRING	9606.ENSP00000228534
Q9NPF7	GeneCards	IL23A
Q9NPF7	KEGG	hsa:51561
Q9NPF7	MIM	605580
Q9NPF7	GeneID	51561
P27694	UniProtKB-ID	RFA1
P27694	Gene_Name	RPA1
P27694	Alt_uniprot	I3L524
P27694	Alt_uniprot	I3L2M5
P27694	Gene_Synonym	REPA1
P27694	Gene_Synonym	RPA70
P27694	STRING	9606.ENSP00000254719
P27694	GeneCards	RPA1
P27694	KEGG	hsa:6117
P27694	MIM	179835
P27694	GeneID	6117
P01033	UniProtKB-ID	TIMP1
P01033	Gene_Name	TIMP1
P01033	Alt_uniprot	Q5H9B4
P01033	Alt_uniprot	B3KQF4
P01033	Alt_uniprot	Q6FGX5
P01033	Alt_uniprot	Q5H9A7
P01033	Alt_uniprot	Q58P21
P01033	Gene_Synonym	TIMP
P01033	Gene_Synonym	CLGI
P01033	STRING	9606.ENSP00000218388
P01033	GeneCards	TIMP1
P01033	KEGG	hsa:7076
P01033	MIM	305370
P01033	GeneID	7076
Q07869	UniProtKB-ID	PPARA
Q07869	Gene_Name	PPARA
Q07869	Alt_uniprot	F1D8S4
Q07869	Gene_Synonym	NR1C1
Q07869	Gene_Synonym	PPAR
Q07869	STRING	9606.ENSP00000262735
Q07869	GeneCards	PPARA
Q07869	KEGG	hsa:5465
Q07869	MIM	170998
Q07869	GeneID	5465
P55809	UniProtKB-ID	SCOT1
P55809	Gene_Name	OXCT1
P55809	Alt_uniprot	A0A024R040
P55809	Alt_uniprot	Q6IAV5
P55809	Gene_Synonym	SCOT
P55809	Gene_Synonym	OXCT
P55809	STRING	9606.ENSP00000196371
P55809	GeneCards	OXCT1
P55809	KEGG	hsa:5019
P55809	MIM	601424
P55809	MIM	245050
P55809	GeneID	5019
P08069	UniProtKB-ID	IGF1R
P08069	Gene_Name	IGF1R
P08069	Alt_uniprot	H0YNR0
P08069	Alt_uniprot	H0YMJ5
P08069	Alt_uniprot	C9J5X1
P08069	STRING	9606.ENSP00000268035
P08069	GeneCards	IGF1R
P08069	KEGG	hsa:3480
P08069	MIM	270450
P08069	MIM	147370
P08069	GeneID	3480
Q13542	UniProtKB-ID	4EBP2
Q13542	Gene_Name	EIF4EBP2
Q13542	Alt_uniprot	Q6FG68
Q13542	Alt_uniprot	A0A024QZM3
Q13542	Alt_uniprot	B2R9B9
Q13542	STRING	9606.ENSP00000362314
Q13542	GeneCards	EIF4EBP2
Q13542	KEGG	hsa:1979
Q13542	MIM	602224
Q13542	GeneID	1979
P35367	UniProtKB-ID	HRH1
P35367	Gene_Name	HRH1
P35367	Alt_uniprot	B2R782
P35367	Alt_uniprot	C9J2E6
P35367	Alt_uniprot	A8K7Z2
P35367	STRING	9606.ENSP00000380247
P35367	GeneCards	HRH1
P35367	KEGG	hsa:3269
P35367	MIM	600167
P35367	GeneID	3269
Q13535	UniProtKB-ID	ATR
Q13535	Gene_Name	ATR
Q13535	Alt_uniprot	D6RIG7
Q13535	Gene_Synonym	FRP1
Q13535	STRING	9606.ENSP00000343741
Q13535	GeneCards	ATR
Q13535	KEGG	hsa:545
Q13535	MIM	614564
Q13535	MIM	601215
Q13535	MIM	210600
Q13535	GeneID	545
P19838	UniProtKB-ID	NFKB1
P19838	Gene_Name	NFKB1
P19838	Alt_uniprot	A0A024RDJ4
P19838	Alt_uniprot	D6RC45
P19838	Alt_uniprot	D6RH30
P19838	Alt_uniprot	D6RDI9
P19838	STRING	9606.ENSP00000226574
P19838	GeneCards	NFKB1
P19838	KEGG	hsa:4790
P19838	MIM	164011
P19838	MIM	616576
P19838	GeneID	4790
P01579	UniProtKB-ID	IFNG
P01579	Gene_Name	IFNG
P01579	Alt_uniprot	Q14615
P01579	Alt_uniprot	Q96LA2
P01579	Alt_uniprot	Q14611
P01579	Alt_uniprot	Q14610
P01579	Alt_uniprot	Q14612
P01579	Alt_uniprot	A8YQE4
P01579	Alt_uniprot	Q14609
P01579	Alt_uniprot	Q8NHY9
P01579	STRING	9606.ENSP00000229135
P01579	GeneCards	IFNG
P01579	KEGG	hsa:3458
P01579	MIM	147570
P01579	MIM	609135
P01579	GeneID	3458
Q14397	UniProtKB-ID	GCKR
Q14397	Gene_Name	GCKR
Q14397	Alt_uniprot	A0A0C4DFN2
Q14397	Alt_uniprot	A8K731
Q14397	STRING	9606.ENSP00000264717
Q14397	GeneCards	GCKR
Q14397	KEGG	hsa:2646
Q14397	MIM	600842
Q14397	MIM	613463
Q14397	GeneID	2646
Q59HG8	UniProtKB-ID	Q59HG8
Q59HG8	KEGG	hsa:2550
Q59HG8	GeneID	2550
P35462	UniProtKB-ID	DRD3
P35462	Gene_Name	DRD3
P35462	Alt_uniprot	E9PCM4
P35462	Alt_uniprot	Q13167
P35462	Alt_uniprot	A8K8E4
P35462	Alt_uniprot	Q9NY31
P35462	Alt_uniprot	Q9BXX6
P35462	Alt_uniprot	A1A4V4
P35462	STRING	9606.ENSP00000373169
P35462	GeneCards	DRD3
P35462	KEGG	hsa:1814
P35462	MIM	181500
P35462	MIM	126451
P35462	MIM	190300
P35462	GeneID	1814
P42338	UniProtKB-ID	PK3CB
P42338	Gene_Name	PIK3CB
P42338	Alt_uniprot	C9JYX0
P42338	Alt_uniprot	B4DZI3
P42338	Alt_uniprot	C9JNF6
P42338	Alt_uniprot	C9J345
P42338	Gene_Synonym	PIK3C1
P42338	STRING	9606.ENSP00000289153
P42338	GeneCards	PIK3CB
P42338	KEGG	hsa:5291
P42338	MIM	602925
P42338	GeneID	5291
P42336	UniProtKB-ID	PK3CA
P42336	Gene_Name	PIK3CA
P42336	Alt_uniprot	Q4LE51
P42336	Alt_uniprot	B4DYU4
P42336	Alt_uniprot	A8KA75
P42336	Alt_uniprot	E2I6G1
P42336	Alt_uniprot	C9JAM9
P42336	Gene_Synonym	PIK3CA variant protein
P42336	STRING	9606.ENSP00000263967
P42336	GeneCards	PIK3CA
P42336	KEGG	hsa:5290
P42336	MIM	114550
P42336	MIM	602501
P42336	MIM	171834
P42336	MIM	114480
P42336	MIM	615108
P42336	MIM	612918
P42336	MIM	182000
P42336	MIM	114500
P42336	MIM	167000
P42336	GeneID	5290
Q9Y5N1	UniProtKB-ID	HRH3
Q9Y5N1	Gene_Name	HRH3
Q9Y5N1	Alt_uniprot	Q548M6
Q9Y5N1	Gene_Synonym	GPCR97
Q9Y5N1	STRING	9606.ENSP00000342560
Q9Y5N1	GeneCards	HRH3
Q9Y5N1	KEGG	hsa:11255
Q9Y5N1	MIM	604525
Q9Y5N1	GeneID	11255
O95256	UniProtKB-ID	I18RA
O95256	Gene_Name	IL18RAP
O95256	Alt_uniprot	C9JLE2
O95256	Gene_Synonym	IL1R7
O95256	STRING	9606.ENSP00000264260
O95256	GeneCards	IL18RAP
O95256	KEGG	hsa:8807
O95256	MIM	604509
O95256	GeneID	8807
P49959	UniProtKB-ID	MRE11
P49959	Gene_Name	MRE11
P49959	Alt_uniprot	F5H742
P49959	Alt_uniprot	F8W7U8
P49959	Alt_uniprot	Q9BS79
P49959	Alt_uniprot	A0A024R395
P49959	Alt_uniprot	F5H256
P49959	Gene_Synonym	HNGS1
P49959	Gene_Synonym	MRE11A
P49959	STRING	9606.ENSP00000325863
P49959	GeneCards	MRE11
P49959	KEGG	hsa:4361
P49959	MIM	604391
P49959	MIM	600814
P49959	GeneID	4361
O75376	UniProtKB-ID	NCOR1
O75376	Gene_Name	NCOR1
O75376	Alt_uniprot	A0A024RD47
O75376	Alt_uniprot	Q7Z516
O75376	Alt_uniprot	A0A088AWL3
O75376	Gene_Synonym	KIAA1047
O75376	STRING	9606.ENSP00000268712
O75376	GeneCards	NCOR1
O75376	KEGG	hsa:9611
O75376	MIM	600849
O75376	GeneID	9611
P01106	UniProtKB-ID	MYC
P01106	Gene_Name	MYC
P01106	Alt_uniprot	A0A087WUS5
P01106	Alt_uniprot	Q6LBK7
P01106	Alt_uniprot	H0YBT0
P01106	Alt_uniprot	B3CJ64
P01106	Alt_uniprot	B3CJ65
P01106	Alt_uniprot	A0A087WVR4
P01106	Alt_uniprot	H0YBG3
P01106	Alt_uniprot	A0A024R9L7
P01106	Gene_Synonym	BHLHE39
P01106	Gene_Synonym	c-myc
P01106	STRING	9606.ENSP00000367207
P01106	GeneCards	MYC
P01106	KEGG	hsa:4609
P01106	MIM	113970
P01106	MIM	190080
P01106	GeneID	4609
P01100	UniProtKB-ID	FOS
P01100	Gene_Name	FOS
P01100	Alt_uniprot	Q76MY9
P01100	Alt_uniprot	A0A0K0TMT5
P01100	Alt_uniprot	G3V2V7
P01100	Alt_uniprot	Q6FG41
P01100	Alt_uniprot	G3V5N7
P01100	Gene_Synonym	MBNL1
P01100	Gene_Synonym	G0S7
P01100	STRING	9606.ENSP00000306245
P01100	GeneCards	FOS
P01100	KEGG	hsa:2353
P01100	MIM	164810
P01100	GeneID	2353
A0A0A6YYA8	UniProtKB-ID	A0A0A6YYA8
A0A0A6YYA8	Gene_Name	CHRFAM7A
A0A0A6YYA8	Alt_uniprot	A0A1B0GV86
A0A0A6YYA8	Alt_uniprot	A0A1B0GV43
A0A0A6YYA8	Alt_uniprot	A0A1B0GVH2
A0A0A6YYA8	Alt_uniprot	A0A1B0GW52
A0A0A6YYA8	Gene_Synonym	CHRNA7
A0A0A6YYA8	GeneID	89832
A0A0A6YYA8	GeneID	1139
P48067	UniProtKB-ID	SC6A9
P48067	Gene_Name	SLC6A9
P48067	Alt_uniprot	B7Z589
P48067	Alt_uniprot	B7Z3W8
P48067	Alt_uniprot	E9PJ65
P48067	STRING	9606.ENSP00000353791
P48067	GeneCards	SLC6A9
P48067	KEGG	hsa:6536
P48067	MIM	601019
P48067	MIM	617301
P48067	GeneID	6536
P35269	UniProtKB-ID	T2FA
P35269	Gene_Name	GTF2F1
P35269	Alt_uniprot	Q6IBK5
P35269	Gene_Synonym	RAP74
P35269	STRING	9606.ENSP00000377969
P35269	GeneCards	GTF2F1
P35269	KEGG	hsa:2962
P35269	MIM	189968
P35269	GeneID	2962
Q92796	UniProtKB-ID	DLG3
Q92796	Gene_Name	DLG3
Q92796	Alt_uniprot	Q59FY1
Q92796	Gene_Synonym	KIAA1232
Q92796	STRING	9606.ENSP00000363480
Q92796	GeneCards	DLG3
Q92796	KEGG	hsa:1741
Q92796	MIM	300850
Q92796	MIM	300189
Q92796	GeneID	1741
P12830	UniProtKB-ID	CADH1
P12830	Gene_Name	CDH1
P12830	Alt_uniprot	D3XNU5
P12830	Alt_uniprot	B3GN61
P12830	Alt_uniprot	A0A0E3XJU3
P12830	Alt_uniprot	A0A0U2ZQU7
P12830	Gene_Synonym	CDHE
P12830	Gene_Synonym	UVO
P12830	STRING	9606.ENSP00000261769
P12830	GeneCards	CDH1
P12830	KEGG	hsa:999
P12830	MIM	192090
P12830	MIM	608089
P12830	MIM	167000
P12830	MIM	119580
P12830	MIM	137215
P12830	GeneID	999
P23458	UniProtKB-ID	JAK1
P23458	Gene_Name	JAK1
P23458	Alt_uniprot	Q4LDX3
P23458	Alt_uniprot	A0A0A0N0M2
P23458	Gene_Synonym	JAK1A
P23458	Gene_Synonym	JAK1B
P23458	STRING	9606.ENSP00000343204
P23458	GeneCards	JAK1
P23458	KEGG	hsa:3716
P23458	MIM	147795
P23458	GeneID	3716
P98177	UniProtKB-ID	FOXO4
P98177	Gene_Name	FOXO4
P98177	Gene_Synonym	AFX1
P98177	Gene_Synonym	MLLT7
P98177	Gene_Synonym	AFX
P98177	STRING	9606.ENSP00000363377
P98177	GeneCards	FOXO4
P98177	KEGG	hsa:4303
P98177	MIM	300033
P98177	GeneID	4303
P00747	UniProtKB-ID	PLMN
P00747	Gene_Name	PLG
P00747	Alt_uniprot	Q68DS2
P00747	Alt_uniprot	B2R7F8
P00747	Alt_uniprot	Q9UMI2
P00747	Alt_uniprot	Q5TEH5
P00747	Alt_uniprot	B4DPH4
P00747	Gene_Synonym	DKFZp779M0222
P00747	STRING	9606.ENSP00000308938
P00747	GeneCards	PLG
P00747	KEGG	hsa:5340
P00747	MIM	173350
P00747	MIM	217090
P00747	GeneID	5340
P00749	UniProtKB-ID	UROK
P00749	Gene_Name	PLAU
P00749	Alt_uniprot	Q9UEJ5
P00749	Alt_uniprot	Q5PY49
P00749	Alt_uniprot	B2R7F2
P00749	Alt_uniprot	E7ET40
P00749	Alt_uniprot	Q96SE8
P00749	Alt_uniprot	B4DNJ4
P00749	Alt_uniprot	S4R3G7
P00749	Alt_uniprot	A0A024QZM9
P00749	Gene_Synonym	ATF
P00749	STRING	9606.ENSP00000361850
P00749	GeneCards	PLAU
P00749	KEGG	hsa:5328
P00749	MIM	601709
P00749	MIM	191840
P00749	GeneID	5328
P51681	UniProtKB-ID	CCR5
P51681	Gene_Name	CCR5
P51681	Alt_uniprot	J7HJP8
P51681	Alt_uniprot	J7HJP1
P51681	Alt_uniprot	A0A089G3J8
P51681	Alt_uniprot	Q9UBJ7
P51681	Alt_uniprot	A0A089H947
P51681	Alt_uniprot	A0A089G6R5
P51681	Alt_uniprot	A0A089G5R2
P51681	Alt_uniprot	A0A089G5R7
P51681	Alt_uniprot	A0A089G5R6
P51681	Alt_uniprot	A0A089G3M1
P51681	Alt_uniprot	A0A089G3M5
P51681	Alt_uniprot	A0A089G3M8
P51681	Alt_uniprot	B2KKJ9
P51681	Alt_uniprot	A0A089G6S6
P51681	Alt_uniprot	A0A089G5Q8
P51681	Alt_uniprot	A0A089G6S0
P51681	Alt_uniprot	A0A089G6S3
P51681	Alt_uniprot	A0A089G6S9
P51681	Alt_uniprot	A0A089H958
P51681	Alt_uniprot	H9MHP4
P51681	Alt_uniprot	H9MHP5
P51681	Alt_uniprot	H9MHP6
P51681	Alt_uniprot	H9MHP3
P51681	Alt_uniprot	H9MHP8
P51681	Alt_uniprot	H9MHP9
P51681	Alt_uniprot	O14694
P51681	Alt_uniprot	Q5QIN9
P51681	Alt_uniprot	J7HKA4
P51681	Alt_uniprot	A0A089G3L9
P51681	Alt_uniprot	A0A089G6P4
P51681	Alt_uniprot	J7HGK0
P51681	Alt_uniprot	A0A089G6R7
P51681	Alt_uniprot	Q9UBT9
P51681	Alt_uniprot	E7BJ57
P51681	Alt_uniprot	A0A089G6Q9
P51681	Alt_uniprot	A0A089H978
P51681	Alt_uniprot	A0A089H976
P51681	Alt_uniprot	A0A089H974
P51681	Alt_uniprot	A0A089H970
P51681	Alt_uniprot	A0A089G7G0
P51681	Alt_uniprot	A0A089G7G7
P51681	Alt_uniprot	A0A089G7G9
P51681	Alt_uniprot	Q9P1T4
P51681	Alt_uniprot	L7S2Y4
P51681	Alt_uniprot	Q5QIP0
P51681	Alt_uniprot	Q5QIP1
P51681	Alt_uniprot	A0A089G3N1
P51681	Alt_uniprot	A0A089G3N4
P51681	Alt_uniprot	A0A089H983
P51681	Alt_uniprot	A0A089H987
P51681	Alt_uniprot	B8LFN8
P51681	Alt_uniprot	Q5EKN0
P51681	Alt_uniprot	A0A089H989
P51681	Alt_uniprot	A0A089G7F7
P51681	Alt_uniprot	A0A089H953
P51681	Alt_uniprot	A0A089G5N2
P51681	Alt_uniprot	Q5KSY4
P51681	Alt_uniprot	A0A089G7H9
P51681	Alt_uniprot	A0A089G3P4
P51681	Alt_uniprot	B0EX01
P51681	Alt_uniprot	B0EX00
P51681	Alt_uniprot	A0A089G3P0
P51681	Alt_uniprot	A0A089H960
P51681	Alt_uniprot	A0A089G7H7
P51681	Alt_uniprot	B2KIU1
P51681	Alt_uniprot	B2KIU0
P51681	Alt_uniprot	B2KIU2
P51681	Alt_uniprot	J7HDH6
P51681	Alt_uniprot	A0A089G5M8
P51681	Alt_uniprot	Q3L3Q6
P51681	Alt_uniprot	A0A089G6P0
P51681	Alt_uniprot	A0A089H9A2
P51681	Alt_uniprot	A0A089G3K0
P51681	Alt_uniprot	B8LFP0
P51681	Alt_uniprot	Q9UN28
P51681	Alt_uniprot	A0A089G3K4
P51681	Alt_uniprot	Q9UN23
P51681	Alt_uniprot	J7HDE9
P51681	Alt_uniprot	Q5EKM9
P51681	Alt_uniprot	Q5EKM8
P51681	Alt_uniprot	Q9UN27
P51681	Alt_uniprot	Q9UN26
P51681	Alt_uniprot	Q9UN25
P51681	Alt_uniprot	Q9UN24
P51681	Alt_uniprot	A0A089G7J3
P51681	Alt_uniprot	A0A089G7J0
P51681	Alt_uniprot	A0A089G7J6
P51681	Alt_uniprot	H9MHK7
P51681	Alt_uniprot	A0A089G5S8
P51681	Alt_uniprot	Q38L21
P51681	Alt_uniprot	A0A089G5S5
P51681	Gene_Synonym	CMKBR5
P51681	STRING	9606.ENSP00000292303
P51681	GeneCards	CCR5
P51681	KEGG	hsa:1234
P51681	MIM	601373
P51681	MIM	612522
P51681	MIM	610379
P51681	MIM	609423
P51681	GeneID	1234
P30307	UniProtKB-ID	MPIP3
P30307	Gene_Name	CDC25C
P30307	Alt_uniprot	D6RD20
P30307	Alt_uniprot	B4DX61
P30307	Alt_uniprot	D6RJC2
P30307	STRING	9606.ENSP00000321656
P30307	GeneCards	CDC25C
P30307	KEGG	hsa:995
P30307	MIM	157680
P30307	GeneID	995
P30304	UniProtKB-ID	MPIP1
P30304	Gene_Name	CDC25A
P30304	Alt_uniprot	K7N7S0
P30304	Alt_uniprot	C9JH94
P30304	Alt_uniprot	A0A024R2S4
P30304	Alt_uniprot	A8K3D9
P30304	STRING	9606.ENSP00000303706
P30304	GeneCards	CDC25A
P30304	KEGG	hsa:993
P30304	MIM	116947
P30304	GeneID	993
P01189	UniProtKB-ID	COLI
P01189	Gene_Name	POMC
P01189	Alt_uniprot	E9PHK5
P01189	Alt_uniprot	K7QZC9
P01189	Alt_uniprot	K7R2J5
P01189	Alt_uniprot	A6XND7
P01189	Alt_uniprot	Q6FHC8
P01189	Alt_uniprot	K7QX47
P01189	Alt_uniprot	Q5TZZ7
P01189	Alt_uniprot	K7R8V7
P01189	Alt_uniprot	K7R2I7
P01189	Alt_uniprot	Q53WY7
P01189	Gene_Synonym	proopiomelanocortin/ POMC
P01189	STRING	9606.ENSP00000264708
P01189	GeneCards	POMC
P01189	KEGG	hsa:5443
P01189	MIM	176830
P01189	MIM	601665
P01189	MIM	609734
P01189	GeneID	5443
O60343	UniProtKB-ID	TBCD4
O60343	Gene_Name	TBC1D4
O60343	Alt_uniprot	Q5JU47
O60343	Gene_Synonym	AS160
O60343	Gene_Synonym	KIAA0603
O60343	STRING	9606.ENSP00000366863
O60343	GeneCards	TBC1D4
O60343	KEGG	hsa:9882
O60343	MIM	612465
O60343	MIM	616087
O60343	GeneID	9882
O60346	UniProtKB-ID	PHLP1
O60346	Gene_Name	PHLPP1
O60346	Gene_Synonym	PHLPP
O60346	Gene_Synonym	KIAA0606
O60346	Gene_Synonym	SCOP
O60346	Gene_Synonym	PLEKHE1
O60346	STRING	9606.ENSP00000262719
O60346	GeneCards	PHLPP1
O60346	KEGG	hsa:23239
O60346	MIM	609396
O60346	GeneID	23239
A0A024R9X9	UniProtKB-ID	A0A024R9X9
A0A024R9X9	Gene_Name	CRHR1
A0A024R9X9	GeneCards	LINC02210-CRHR1
A0A024R9X9	GeneID	104909134
A0A024R9X9	GeneID	1394
P31751	UniProtKB-ID	AKT2
P31751	Gene_Name	AKT2
P31751	Alt_uniprot	B3KP61
P31751	Alt_uniprot	A0A1B0GXA2
P31751	Alt_uniprot	A8MX96
P31751	Alt_uniprot	C9JIJ1
P31751	Alt_uniprot	A0A0U4CQG9
P31751	Alt_uniprot	C9JHS6
P31751	Alt_uniprot	B4DG79
P31751	Alt_uniprot	E7EVP8
P31751	Alt_uniprot	J3QLS6
P31751	Alt_uniprot	M0QZK3
P31751	Alt_uniprot	J3KRI8
P31751	STRING	9606.ENSP00000375892
P31751	GeneCards	AKT2
P31751	KEGG	hsa:208
P31751	MIM	164731
P31751	MIM	125853
P31751	MIM	240900
P31751	GeneID	208
O15254	UniProtKB-ID	ACOX3
O15254	Gene_Name	ACOX3
O15254	Alt_uniprot	B2R856
O15254	Gene_Synonym	BRCOX
O15254	Gene_Synonym	PRCOX
O15254	STRING	9606.ENSP00000348775
O15254	GeneCards	ACOX3
O15254	KEGG	hsa:8310
O15254	MIM	603402
O15254	GeneID	8310
Q06609	UniProtKB-ID	RAD51
Q06609	Gene_Name	RAD51
Q06609	Alt_uniprot	Q5U0A5
Q06609	Gene_Synonym	RECA
Q06609	Gene_Synonym	RAD51A
Q06609	GeneCards	RAD51
Q06609	KEGG	hsa:5888
Q06609	MIM	614508
Q06609	MIM	114480
Q06609	MIM	617244
Q06609	MIM	179617
Q06609	GeneID	5888
Q15788	UniProtKB-ID	NCOA1
Q15788	Gene_Name	NCOA1
Q15788	Alt_uniprot	B5MCN7
Q15788	Alt_uniprot	A8K1V4
Q15788	Gene_Synonym	BHLHE74
Q15788	Gene_Synonym	SRC1
Q15788	STRING	9606.ENSP00000320940
Q15788	GeneCards	NCOA1
Q15788	KEGG	hsa:8648
Q15788	MIM	602691
Q15788	GeneID	8648
P05019	UniProtKB-ID	IGF1
P05019	Gene_Name	IGF1
P05019	Alt_uniprot	Q13429
P05019	Gene_Synonym	IBP1
P05019	Gene_Synonym	IGF-I
P05019	STRING	9606.ENSP00000302665
P05019	GeneCards	IGF1
P05019	KEGG	hsa:3479
P05019	MIM	147440
P05019	MIM	608747
P05019	GeneID	3479
P38398	UniProtKB-ID	BRCA1
P38398	Gene_Name	BRCA1
P38398	Alt_uniprot	Q3LRH8
P38398	Alt_uniprot	G8I0D8
P38398	Alt_uniprot	K4K7U9
P38398	Alt_uniprot	E7EUM2
P38398	Alt_uniprot	A0A0K0PU93
P38398	Alt_uniprot	Q5U3B7
P38398	Alt_uniprot	B4DES0
P38398	Alt_uniprot	E7EQW4
P38398	Alt_uniprot	A0A024R1V0
P38398	Alt_uniprot	Q7Z606
P38398	Alt_uniprot	A0A024R1Y0
P38398	Alt_uniprot	Q5XLT4
P38398	Alt_uniprot	A0A068BCB8
P38398	Gene_Synonym	RNF53
P38398	STRING	9606.ENSP00000418960
P38398	GeneCards	BRCA1
P38398	KEGG	hsa:672
P38398	MIM	614320
P38398	MIM	113705
P38398	MIM	114480
P38398	MIM	604370
P38398	MIM	167000
P38398	GeneID	672
O14746	UniProtKB-ID	TERT
O14746	Gene_Name	TERT
O14746	Alt_uniprot	Q9UBR6
O14746	Gene_Synonym	TRT
O14746	Gene_Synonym	EST2
O14746	Gene_Synonym	TCS1
O14746	STRING	9606.ENSP00000309572
O14746	GeneCards	TERT
O14746	KEGG	hsa:7015
O14746	MIM	187270
O14746	MIM	609135
O14746	MIM	614742
O14746	MIM	615134
O14746	MIM	178500
O14746	MIM	613989
O14746	GeneID	7015
P50406	UniProtKB-ID	5HT6R
P50406	Gene_Name	HTR6
P50406	STRING	9606.ENSP00000289753
P50406	GeneCards	HTR6
P50406	KEGG	hsa:3362
P50406	MIM	601109
P50406	GeneID	3362
P04155	UniProtKB-ID	TFF1
P04155	Gene_Name	TFF1
P04155	Gene_Synonym	PS2
P04155	Gene_Synonym	BCEI
P04155	STRING	9606.ENSP00000291527
P04155	GeneCards	TFF1
P04155	KEGG	hsa:7031
P04155	MIM	113710
P04155	GeneID	7031
Q13541	UniProtKB-ID	4EBP1
Q13541	Gene_Name	EIF4EBP1
Q13541	STRING	9606.ENSP00000340691
Q13541	GeneCards	EIF4EBP1
Q13541	KEGG	hsa:1978
Q13541	MIM	602223
Q13541	GeneID	1978
P10415	UniProtKB-ID	BCL2
P10415	Gene_Name	BCL2
P10415	Alt_uniprot	A0A1L4AQQ4
P10415	Alt_uniprot	A0A1L4AQQ5
P10415	Alt_uniprot	A9QXG9
P10415	Alt_uniprot	A0A024R2B3
P10415	Alt_uniprot	A0A1L4AQQ8
P10415	Alt_uniprot	A0A1L4AQR6
P10415	Alt_uniprot	Q96PA0
P10415	Gene_Synonym	bcl-2
P10415	STRING	9606.ENSP00000329623
P10415	GeneCards	BCL2
P10415	KEGG	hsa:596
P10415	MIM	151430
P10415	GeneID	596
P34903	UniProtKB-ID	GBRA3
P34903	Gene_Name	GABRA3
P34903	Alt_uniprot	B2R621
P34903	STRING	9606.ENSP00000359334
P34903	GeneCards	GABRA3
P34903	KEGG	hsa:2556
P34903	MIM	305660
P34903	GeneID	2556
P25101	UniProtKB-ID	EDNRA
P25101	Gene_Name	EDNRA
P25101	Gene_Synonym	ETA
P25101	Gene_Synonym	ETRA
P25101	STRING	9606.ENSP00000315011
P25101	GeneCards	EDNRA
P25101	KEGG	hsa:1909
P25101	MIM	131243
P25101	MIM	616367
P25101	GeneID	1909
Q9GZV9	UniProtKB-ID	FGF23
Q9GZV9	Gene_Name	FGF23
Q9GZV9	Gene_Synonym	HYPF
Q9GZV9	STRING	9606.ENSP00000237837
Q9GZV9	GeneCards	FGF23
Q9GZV9	KEGG	hsa:8074
Q9GZV9	MIM	193100
Q9GZV9	MIM	211900
Q9GZV9	MIM	605380
Q9GZV9	GeneID	8074
Q9Y618	UniProtKB-ID	NCOR2
Q9Y618	Gene_Name	NCOR2
Q9Y618	Alt_uniprot	C9JFD3
Q9Y618	Alt_uniprot	A0A024RBS3
Q9Y618	Alt_uniprot	A0A024RBU9
Q9Y618	Alt_uniprot	C9JQE8
Q9Y618	Gene_Synonym	CTG26
Q9Y618	STRING	9606.ENSP00000384018
Q9Y618	GeneCards	NCOR2
Q9Y618	KEGG	hsa:9612
Q9Y618	MIM	600848
Q9Y618	GeneID	9612
P06241	UniProtKB-ID	FYN
P06241	Gene_Name	FYN
P06241	STRING	9606.ENSP00000346671
P06241	GeneCards	FYN
P06241	KEGG	hsa:2534
P06241	MIM	137025
P06241	GeneID	2534
Q8TB45	UniProtKB-ID	DPTOR
Q8TB45	Gene_Name	DEPTOR
Q8TB45	Gene_Synonym	DEPDC6
Q8TB45	STRING	9606.ENSP00000286234
Q8TB45	GeneCards	DEPTOR
Q8TB45	KEGG	hsa:64798
Q8TB45	MIM	612974
Q8TB45	GeneID	64798
P18031	UniProtKB-ID	PTN1
P18031	Gene_Name	PTPN1
P18031	Alt_uniprot	B4DSN5
P18031	Alt_uniprot	A8K3M3
P18031	Gene_Synonym	PTP1B
P18031	STRING	9606.ENSP00000360683
P18031	GeneCards	PTPN1
P18031	KEGG	hsa:5770
P18031	MIM	176885
P18031	GeneID	5770
Q9Y6Q9	UniProtKB-ID	NCOA3
Q9Y6Q9	Gene_Name	NCOA3
Q9Y6Q9	Alt_uniprot	B4DYT5
Q9Y6Q9	Alt_uniprot	Q569F6
Q9Y6Q9	Alt_uniprot	Q0IIN7
Q9Y6Q9	Gene_Synonym	TRAM1
Q9Y6Q9	Gene_Synonym	AIB1
Q9Y6Q9	Gene_Synonym	BHLHE42
Q9Y6Q9	Gene_Synonym	RAC3
Q9Y6Q9	STRING	9606.ENSP00000361066
Q9Y6Q9	GeneCards	NCOA3
Q9Y6Q9	KEGG	hsa:8202
Q9Y6Q9	MIM	601937
Q9Y6Q9	GeneID	8202
P24752	UniProtKB-ID	THIL
P24752	Gene_Name	ACAT1
P24752	Alt_uniprot	A0A140VJX1
P24752	Gene_Synonym	ACAT
P24752	Gene_Synonym	MAT
P24752	STRING	9606.ENSP00000265838
P24752	GeneCards	ACAT1
P24752	KEGG	hsa:38
P24752	MIM	607809
P24752	MIM	203750
P24752	GeneID	38
P31371	UniProtKB-ID	FGF9
P31371	Gene_Name	FGF9
P31371	STRING	9606.ENSP00000371790
P31371	GeneCards	FGF9
P31371	KEGG	hsa:2254
P31371	MIM	612961
P31371	MIM	600921
P31371	GeneID	2254
Q92625	UniProtKB-ID	ANS1A
Q92625	Gene_Name	ANKS1A
Q92625	Gene_Synonym	ANKS1
Q92625	Gene_Synonym	ODIN
Q92625	Gene_Synonym	KIAA0229
Q92625	STRING	9606.ENSP00000353518
Q92625	GeneCards	ANKS1A
Q92625	KEGG	hsa:23294
Q92625	MIM	608994
Q92625	GeneID	23294
P11309	UniProtKB-ID	PIM1
P11309	Gene_Name	PIM1
P11309	STRING	9606.ENSP00000362608
P11309	GeneCards	PIM1
P11309	KEGG	hsa:5292
P11309	MIM	164960
P11309	GeneID	5292
P37231	UniProtKB-ID	PPARG
P37231	Gene_Name	PPARG
P37231	Alt_uniprot	Q6L9M1
P37231	Alt_uniprot	Q86WD1
P37231	Alt_uniprot	E7EU07
P37231	Alt_uniprot	E9PFV2
P37231	Alt_uniprot	E7EUD1
P37231	Alt_uniprot	D2KUA6
P37231	Alt_uniprot	Q53EW1
P37231	Alt_uniprot	E9PFJ1
P37231	Alt_uniprot	B6ZGS2
P37231	Gene_Synonym	NR1C3
P37231	STRING	9606.ENSP00000287820
P37231	GeneCards	PPARG
P37231	KEGG	hsa:5468
P37231	MIM	601487
P37231	MIM	137800
P37231	MIM	609338
P37231	MIM	604367
P37231	MIM	601665
P37231	MIM	606641
P37231	GeneID	5468
P01584	UniProtKB-ID	IL1B
P01584	Gene_Name	IL1B
P01584	Alt_uniprot	C9JSC2
P01584	Alt_uniprot	B5BUQ8
P01584	Alt_uniprot	C9JWV2
P01584	Alt_uniprot	C9JVK0
P01584	Gene_Synonym	IL1F2
P01584	STRING	9606.ENSP00000263341
P01584	GeneCards	IL1B
P01584	KEGG	hsa:3553
P01584	MIM	147720
P01584	GeneID	3553
Q16873	UniProtKB-ID	LTC4S
Q16873	Gene_Name	LTC4S
Q16873	Alt_uniprot	B2R523
Q16873	Alt_uniprot	A0A286YF10
Q16873	STRING	9606.ENSP00000292596
Q16873	GeneCards	LTC4S
Q16873	KEGG	hsa:4056
Q16873	MIM	246530
Q16873	GeneID	4056
B4DK78	UniProtKB-ID	B4DK78
B4DK78	KEGG	hsa:1137
B4DK78	GeneID	1137
Q15382	UniProtKB-ID	RHEB
Q15382	Gene_Name	RHEB
Q15382	Alt_uniprot	A0A090N900
Q15382	Alt_uniprot	C9J931
Q15382	Gene_Synonym	RHEB2
Q15382	STRING	9606.ENSP00000262187
Q15382	GeneCards	RHEB
Q15382	KEGG	hsa:6009
Q15382	MIM	601293
Q15382	GeneID	6009
P25025	UniProtKB-ID	CXCR2
P25025	Gene_Name	CXCR2
P25025	Alt_uniprot	C9JG19
P25025	Alt_uniprot	C9J2F9
P25025	Alt_uniprot	C9JW47
P25025	Alt_uniprot	C9J1J7
P25025	Alt_uniprot	Q53PC4
P25025	Alt_uniprot	Q6LCZ7
P25025	Gene_Synonym	IL8RB
P25025	STRING	9606.ENSP00000319635
P25025	GeneCards	CXCR2
P25025	KEGG	hsa:3579
P25025	MIM	146928
P25025	GeneID	3579
Q9BPZ7	UniProtKB-ID	SIN1
Q9BPZ7	Gene_Name	MAPKAP1
Q9BPZ7	Gene_Synonym	MIP1
Q9BPZ7	Gene_Synonym	SIN1
Q9BPZ7	STRING	9606.ENSP00000265960
Q9BPZ7	GeneCards	MAPKAP1
Q9BPZ7	KEGG	hsa:79109
Q9BPZ7	MIM	610558
Q9BPZ7	GeneID	79109
P16070	UniProtKB-ID	CD44
P16070	Gene_Name	CD44
P16070	Alt_uniprot	H0YF08
P16070	Alt_uniprot	J3KN83
P16070	Alt_uniprot	A8K309
P16070	Alt_uniprot	H0Y5E4
P16070	Alt_uniprot	H0YCL4
P16070	Alt_uniprot	C1PHC2
P16070	Alt_uniprot	H0Y2P0
P16070	Gene_Synonym	MIC4
P16070	Gene_Synonym	MDU2
P16070	Gene_Synonym	MDU3
P16070	Gene_Synonym	LHR
P16070	STRING	9606.ENSP00000398632
P16070	GeneCards	CD44
P16070	KEGG	hsa:960
P16070	MIM	107269
P16070	MIM	609027
P16070	MIM	172290
P16070	GeneID	960
O00311	UniProtKB-ID	CDC7
O00311	Gene_Name	CDC7
O00311	Alt_uniprot	B2R6V2
O00311	Alt_uniprot	B1AMW7
O00311	Gene_Synonym	CDC7L1
O00311	STRING	9606.ENSP00000234626
O00311	GeneCards	CDC7
O00311	KEGG	hsa:8317
O00311	MIM	603311
O00311	GeneID	8317
E9PFX5	UniProtKB-ID	E9PFX5
E9PFX5	Gene_Name	PPARG
E9PFX5	Alt_uniprot	Q4W448
E9PFX5	Alt_uniprot	Q4W4C7
E9PFX5	Alt_uniprot	Q4W4C6
E9PFX5	GeneID	5468
O14543	UniProtKB-ID	SOCS3
O14543	Gene_Name	SOCS3
O14543	Alt_uniprot	Q6FI39
O14543	Alt_uniprot	Q5U0H7
O14543	Gene_Synonym	SSI3
O14543	Gene_Synonym	CIS3
O14543	STRING	9606.ENSP00000330341
O14543	GeneCards	SOCS3
O14543	KEGG	hsa:9021
O14543	MIM	604176
O14543	GeneID	9021
P35968	UniProtKB-ID	VGFR2
P35968	Gene_Name	KDR
P35968	Alt_uniprot	A0A024RD88
P35968	Alt_uniprot	A0A0H4A7S4
P35968	Gene_Synonym	VEGFR2
P35968	Gene_Synonym	FLK1
P35968	STRING	9606.ENSP00000263923
P35968	GeneCards	KDR
P35968	KEGG	hsa:3791
P35968	MIM	602089
P35968	MIM	191306
P35968	GeneID	3791
K9J956	UniProtKB-ID	K9J956
K9J956	Gene_Name	CRHR1
K9J956	Alt_uniprot	A0A0G2JM19
K9J956	Alt_uniprot	Q8WXR7
K9J956	Gene_Synonym	LINC02210-CRHR1
K9J956	GeneID	1394
P28222	UniProtKB-ID	5HT1B
P28222	Gene_Name	HTR1B
P28222	Alt_uniprot	A8K215
P28222	Alt_uniprot	X5D7I5
P28222	Gene_Synonym	HTR1DB
P28222	STRING	9606.ENSP00000358963
P28222	GeneCards	HTR1B
P28222	KEGG	hsa:3351
P28222	MIM	182131
P28222	GeneID	3351
P28223	UniProtKB-ID	5HT2A
P28223	Gene_Name	HTR2A
P28223	Alt_uniprot	Q9P2Q9
P28223	Alt_uniprot	B3VRB0
P28223	Alt_uniprot	B3VRC0
P28223	Gene_Synonym	HTR2
P28223	STRING	9606.ENSP00000367959
P28223	GeneCards	HTR2A
P28223	KEGG	hsa:3356
P28223	MIM	182135
P28223	GeneID	3356
P16220	UniProtKB-ID	CREB1
P16220	Gene_Name	CREB1
P16220	Alt_uniprot	Q5U0J5
P16220	Alt_uniprot	Q53X93
P16220	Alt_uniprot	C9J896
P16220	STRING	9606.ENSP00000387699
P16220	GeneCards	CREB1
P16220	KEGG	hsa:1385
P16220	MIM	612160
P16220	MIM	123810
P16220	GeneID	1385
P55075	UniProtKB-ID	FGF8
P55075	Gene_Name	FGF8
P55075	Alt_uniprot	A1A515
P55075	Gene_Synonym	AIGF
P55075	STRING	9606.ENSP00000321797
P55075	GeneCards	FGF8
P55075	KEGG	hsa:2253
P55075	MIM	612702
P55075	MIM	600483
P55075	GeneID	2253
Q9UBU3	UniProtKB-ID	GHRL
Q9UBU3	Gene_Name	GHRL
Q9UBU3	Gene_Synonym	MTLRP
Q9UBU3	STRING	9606.ENSP00000335074
Q9UBU3	GeneCards	GHRL
Q9UBU3	KEGG	hsa:51738
Q9UBU3	MIM	605353
Q9UBU3	GeneID	51738
P12931	UniProtKB-ID	SRC
P12931	Gene_Name	SRC
P12931	Gene_Synonym	SRC1
P12931	STRING	9606.ENSP00000350941
P12931	GeneCards	SRC
P12931	KEGG	hsa:6714
P12931	MIM	190090
P12931	MIM	616937
P12931	GeneID	6714
P39900	UniProtKB-ID	MMP12
P39900	Gene_Name	MMP12
P39900	Gene_Synonym	HME
P39900	GeneCards	MMP12
P39900	KEGG	hsa:4321
P39900	MIM	601046
P39900	GeneID	4321
P02775	UniProtKB-ID	CXCL7
P02775	Gene_Name	PPBP
P02775	Alt_uniprot	D3JV41
P02775	Alt_uniprot	D3JV43
P02775	Alt_uniprot	D3JV42
P02775	Gene_Synonym	CTAP3
P02775	Gene_Synonym	THBGB1
P02775	Gene_Synonym	TGB1
P02775	Gene_Synonym	CXCL7
P02775	Gene_Synonym	SCYB7
P02775	STRING	9606.ENSP00000296028
P02775	GeneCards	PPBP
P02775	KEGG	hsa:5473
P02775	MIM	121010
P02775	GeneID	5473
P21675	UniProtKB-ID	TAF1
P21675	Gene_Name	TAF1
P21675	Alt_uniprot	Q8IZX4
P21675	Gene_Synonym	TAF1L
P21675	Gene_Synonym	BA2R
P21675	Gene_Synonym	CCGS
P21675	Gene_Synonym	CCG1
P21675	Gene_Synonym	TAF2A
P21675	STRING	9606.ENSP00000276072
P21675	STRING	9606.ENSP00000418379
P21675	GeneCards	TAF1
P21675	GeneCards	TAF1L
P21675	KEGG	hsa:138474
P21675	KEGG	hsa:6872
P21675	MIM	607798
P21675	MIM	300966
P21675	MIM	314250
P21675	MIM	313650
P21675	GeneID	138474
P21675	GeneID	6872
O75385	UniProtKB-ID	ULK1
O75385	Gene_Name	ULK1
O75385	Gene_Synonym	KIAA0722
O75385	STRING	9606.ENSP00000324560
O75385	GeneCards	ULK1
O75385	KEGG	hsa:8408
O75385	MIM	603168
O75385	GeneID	8408
P00533	UniProtKB-ID	EGFR
P00533	Gene_Name	EGFR
P00533	Alt_uniprot	B7Z2I3
P00533	Alt_uniprot	F1JTL6
P00533	Alt_uniprot	Q75MF2
P00533	Alt_uniprot	Q9H3C8
P00533	Alt_uniprot	Q68GS6
P00533	Alt_uniprot	Q8WZA5
P00533	Alt_uniprot	C9JYS6
P00533	Alt_uniprot	A0A2D3C335
P00533	Alt_uniprot	A0A2D3C337
P00533	Gene_Synonym	ERBB
P00533	Gene_Synonym	HER1
P00533	Gene_Synonym	ERBB1
P00533	Gene_Synonym	SEC61G-EGFR fusion
P00533	STRING	9606.ENSP00000275493
P00533	GeneCards	EGFR
P00533	KEGG	hsa:1956
P00533	MIM	211980
P00533	MIM	131550
P00533	MIM	616069
P00533	GeneID	1956
P05230	UniProtKB-ID	FGF1
P05230	Gene_Name	FGF1
P05230	Alt_uniprot	Q9UBK1
P05230	Alt_uniprot	C9JUP6
P05230	Alt_uniprot	C9JDC5
P05230	Alt_uniprot	Q6LBM3
P05230	Gene_Synonym	fgf gene
P05230	Gene_Synonym	FGFA
P05230	STRING	9606.ENSP00000338548
P05230	GeneCards	FGF1
P05230	KEGG	hsa:2246
P05230	MIM	131220
P05230	GeneID	2246
P05231	UniProtKB-ID	IL6
P05231	Gene_Name	IL6
P05231	Alt_uniprot	Q75MH2
P05231	Alt_uniprot	B5MC21
P05231	Alt_uniprot	H9C875
P05231	Alt_uniprot	C9J5B0
P05231	Gene_Synonym	IFNB2
P05231	STRING	9606.ENSP00000258743
P05231	GeneCards	IL6
P05231	KEGG	hsa:3569
P05231	MIM	147620
P05231	MIM	148000
P05231	MIM	604302
P05231	GeneID	3569
P06850	UniProtKB-ID	CRF
P06850	Gene_Name	CRH
P06850	Alt_uniprot	A0A0S2Z478
P06850	STRING	9606.ENSP00000276571
P06850	GeneCards	CRH
P06850	KEGG	hsa:1392
P06850	MIM	122560
P06850	GeneID	1392
P15090	UniProtKB-ID	FABP4
P15090	Gene_Name	FABP4
P15090	Alt_uniprot	E7DVW4
P15090	Gene_Synonym	HEL-S-104
P15090	STRING	9606.ENSP00000256104
P15090	GeneCards	FABP4
P15090	KEGG	hsa:2167
P15090	MIM	600434
P15090	GeneID	2167
Q7Z7C8	UniProtKB-ID	TAF8
Q7Z7C8	Gene_Name	TAF8
Q7Z7C8	Alt_uniprot	A0A024RD01
Q7Z7C8	Gene_Synonym	TBN
Q7Z7C8	Gene_Synonym	TAFII43
Q7Z7C8	STRING	9606.ENSP00000362068
Q7Z7C8	GeneCards	TAF8
Q7Z7C8	KEGG	hsa:129685
Q7Z7C8	MIM	609514
Q7Z7C8	GeneID	129685
V5KA96	UniProtKB-ID	V5KA96
V5KA96	Gene_Name	CNR1
V5KA96	GeneID	1268
O43524	UniProtKB-ID	FOXO3
O43524	Gene_Name	FOXO3
O43524	Gene_Synonym	FKHRL1
O43524	STRING	9606.ENSP00000339527
O43524	GeneCards	FOXO3
O43524	KEGG	hsa:2309
O43524	MIM	602681
O43524	GeneID	2309
P45954	UniProtKB-ID	ACDSB
P45954	Gene_Name	ACADSB
P45954	Alt_uniprot	A0A0S2Z3P9
P45954	STRING	9606.ENSP00000357873
P45954	GeneCards	ACADSB
P45954	KEGG	hsa:36
P45954	MIM	610006
P45954	MIM	600301
P45954	GeneID	36
P11487	UniProtKB-ID	FGF3
P11487	Gene_Name	FGF3
P11487	Gene_Synonym	INT2
P11487	STRING	9606.ENSP00000334122
P11487	GeneCards	FGF3
P11487	KEGG	hsa:2248
P11487	MIM	164950
P11487	MIM	610706
P11487	GeneID	2248
Q13519	UniProtKB-ID	PNOC
Q13519	Gene_Name	PNOC
Q13519	Alt_uniprot	A8K0R8
Q13519	Gene_Synonym	OFQ
Q13519	STRING	9606.ENSP00000301908
Q13519	GeneCards	PNOC
Q13519	KEGG	hsa:5368
Q13519	MIM	601459
Q13519	GeneID	5368
P78396	UniProtKB-ID	CCNA1
P78396	Gene_Name	CCNA1
P78396	Alt_uniprot	Q9UNG8
P78396	Alt_uniprot	B2RAM9
P78396	Alt_uniprot	A0A140VJG0
P78396	STRING	9606.ENSP00000255465
P78396	GeneCards	CCNA1
P78396	KEGG	hsa:8900
P78396	MIM	604036
P78396	GeneID	8900
P42830	UniProtKB-ID	CXCL5
P42830	Gene_Name	CXCL5
P42830	Alt_uniprot	Q6I9S7
P42830	Gene_Synonym	SCYB5
P42830	Gene_Synonym	ENA78
P42830	STRING	9606.ENSP00000296027
P42830	GeneCards	CXCL5
P42830	KEGG	hsa:6374
P42830	MIM	600324
P42830	GeneID	6374
P46108	UniProtKB-ID	CRK
P46108	Gene_Name	CRK
P46108	Alt_uniprot	A0A0S2Z3Q4
P46108	Alt_uniprot	L7RT18
P46108	STRING	9606.ENSP00000300574
P46108	GeneCards	CRK
P46108	KEGG	hsa:1398
P46108	MIM	164762
P46108	GeneID	1398
P48357	UniProtKB-ID	LEPR
P48357	Gene_Name	LEPR
P48357	Alt_uniprot	L0I9J6
P48357	Alt_uniprot	A2RRQ4
P48357	Alt_uniprot	A8K2E3
P48357	Gene_Synonym	OBR
P48357	Gene_Synonym	DB
P48357	STRING	9606.ENSP00000330393
P48357	GeneCards	LEPR
P48357	KEGG	hsa:3953
P48357	MIM	614963
P48357	MIM	601007
P48357	GeneID	3953
P49765	UniProtKB-ID	VEGFB
P49765	Gene_Name	VEGFB
P49765	Alt_uniprot	Q7LAP4
P49765	Alt_uniprot	Q8TEV2
P49765	Gene_Synonym	VRF
P49765	STRING	9606.ENSP00000311127
P49765	GeneCards	VEGFB
P49765	KEGG	hsa:7423
P49765	MIM	601398
P49765	GeneID	7423
P49763	UniProtKB-ID	PLGF
P49763	Gene_Name	PGF
P49763	Gene_Synonym	PGFL
P49763	Gene_Synonym	PLGF
P49763	STRING	9606.ENSP00000451040
P49763	GeneCards	PGF
P49763	KEGG	hsa:5228
P49763	MIM	601121
P49763	GeneID	5228
Q00403	UniProtKB-ID	TF2B
Q00403	Gene_Name	GTF2B
Q00403	Gene_Synonym	TF2B
Q00403	Gene_Synonym	TFIIB
Q00403	STRING	9606.ENSP00000359531
Q00403	GeneCards	GTF2B
Q00403	KEGG	hsa:2959
Q00403	MIM	189963
Q00403	GeneID	2959
P10275	UniProtKB-ID	ANDR
P10275	Gene_Name	AR
P10275	Alt_uniprot	X5DNC5
P10275	Alt_uniprot	C0JKD6
P10275	Alt_uniprot	C0JKD7
P10275	Alt_uniprot	C0JKD5
P10275	Alt_uniprot	Q9UN21
P10275	Alt_uniprot	E9PEG3
P10275	Alt_uniprot	D3YPP9
P10275	Alt_uniprot	D2Y6K2
P10275	Alt_uniprot	F5GZG9
P10275	Alt_uniprot	D3YPQ0
P10275	Alt_uniprot	D3YPQ1
P10275	Alt_uniprot	D5M8Q2
P10275	Alt_uniprot	A0A087WZ66
P10275	Alt_uniprot	D3YPQ2
P10275	Alt_uniprot	A0A087X1B6
P10275	Alt_uniprot	D3YPQ3
P10275	Alt_uniprot	Q9NUA2
P10275	Alt_uniprot	D2KF13
P10275	Gene_Synonym	DHTR
P10275	Gene_Synonym	NR3C4
P10275	STRING	9606.ENSP00000363822
P10275	GeneCards	AR
P10275	KEGG	hsa:367
P10275	MIM	313700
P10275	MIM	300068
P10275	MIM	312300
P10275	MIM	313200
P10275	GeneID	367
P25774	UniProtKB-ID	CATS
P25774	Gene_Name	CTSS
P25774	STRING	9606.ENSP00000357981
P25774	GeneCards	CTSS
P25774	KEGG	hsa:1520
P25774	MIM	116845
P25774	GeneID	1520
P40763	UniProtKB-ID	STAT3
P40763	Gene_Name	STAT3
P40763	Alt_uniprot	G8JLH9
P40763	Alt_uniprot	B4DVR6
P40763	Alt_uniprot	B7ZA24
P40763	Alt_uniprot	B5BTZ6
P40763	Gene_Synonym	APRF
P40763	STRING	9606.ENSP00000264657
P40763	GeneCards	STAT3
P40763	KEGG	hsa:6774
P40763	MIM	102582
P40763	MIM	147060
P40763	MIM	615952
P40763	GeneID	6774
P04637	UniProtKB-ID	P53
P04637	Gene_Name	TP53
P04637	Alt_uniprot	Q5U0E4
P04637	Alt_uniprot	L0ESB7
P04637	Alt_uniprot	E7EMR6
P04637	Alt_uniprot	B4DNI2
P04637	Alt_uniprot	B6E4X6
P04637	Alt_uniprot	Q1MSX0
P04637	Alt_uniprot	B5AKF5
P04637	Alt_uniprot	A0A223PQI5
P04637	Alt_uniprot	K7PPA8
P04637	Alt_uniprot	A0A087WT22
P04637	Alt_uniprot	L0EQE2
P04637	Alt_uniprot	A0A087WXZ1
P04637	Alt_uniprot	E5RMA8
P04637	Alt_uniprot	A2I9Y7
P04637	Alt_uniprot	K7PPU4
P04637	Alt_uniprot	E9PCY9
P04637	Alt_uniprot	Q6IT77
P04637	Alt_uniprot	U6BHT9
P04637	Alt_uniprot	A0A087WZU8
P04637	Alt_uniprot	H6U5S4
P04637	Alt_uniprot	H6U5S3
P04637	Alt_uniprot	H6U5S2
P04637	Alt_uniprot	L0EPZ1
P04637	Alt_uniprot	J3KP33
P04637	Alt_uniprot	Q1MSW8
P04637	Alt_uniprot	Q2XSC7
P04637	Gene_Synonym	p53
P04637	Gene_Synonym	P53
P04637	STRING	9606.ENSP00000269305
P04637	GeneCards	TP53
P04637	KEGG	hsa:7157
P04637	MIM	275355
P04637	MIM	211980
P04637	MIM	133239
P04637	MIM	260500
P04637	MIM	202300
P04637	MIM	151623
P04637	MIM	614740
P04637	MIM	191170
P04637	GeneID	7157
P41159	UniProtKB-ID	LEP
P41159	Gene_Name	LEP
P41159	Alt_uniprot	Q4TVR7
P41159	Alt_uniprot	Q6NT58
P41159	Alt_uniprot	A4D0Y8
P41159	Gene_Synonym	OB
P41159	STRING	9606.ENSP00000312652
P41159	GeneCards	LEP
P41159	KEGG	hsa:3952
P41159	MIM	614962
P41159	MIM	164160
P41159	GeneID	3952
Q07666	UniProtKB-ID	KHDR1
Q07666	Gene_Name	KHDRBS1
Q07666	Alt_uniprot	B4E043
Q07666	Alt_uniprot	B2R7B5
Q07666	Gene_Synonym	SAM68
Q07666	STRING	9606.ENSP00000313829
Q07666	GeneCards	KHDRBS1
Q07666	KEGG	hsa:10657
Q07666	MIM	602489
Q07666	GeneID	10657
O00329	UniProtKB-ID	PK3CD
O00329	Gene_Name	PIK3CD
O00329	Alt_uniprot	Q1WIR0
O00329	Alt_uniprot	A0A2K8FKV1
O00329	Alt_uniprot	Q1WIQ9
O00329	Alt_uniprot	B2RAH3
O00329	Alt_uniprot	B7ZM44
O00329	Alt_uniprot	A7E2E0
O00329	STRING	9606.ENSP00000366563
O00329	GeneCards	PIK3CD
O00329	KEGG	hsa:5293
O00329	MIM	602839
O00329	MIM	615513
O00329	GeneID	5293
P10145	UniProtKB-ID	IL8
P10145	Gene_Name	CXCL8
P10145	Alt_uniprot	A0A024RDA5
P10145	Alt_uniprot	C9J4T6
P10145	Gene_Synonym	IL8
P10145	STRING	9606.ENSP00000306512
P10145	GeneCards	CXCL8
P10145	KEGG	hsa:3576
P10145	MIM	146930
P10145	GeneID	3576
P46527	UniProtKB-ID	CDN1B
P46527	Gene_Name	CDKN1B
P46527	Alt_uniprot	Q9NYG6
P46527	Alt_uniprot	Q9UH60
P46527	Alt_uniprot	Q6I9V6
P46527	Alt_uniprot	B4DPH2
P46527	Alt_uniprot	Q96TE0
P46527	Gene_Synonym	KIP1
P46527	STRING	9606.ENSP00000228872
P46527	GeneCards	CDKN1B
P46527	KEGG	hsa:1027
P46527	MIM	610755
P46527	MIM	600778
P46527	GeneID	1027
Q13315	UniProtKB-ID	ATM
Q13315	Gene_Name	ATM
Q13315	Alt_uniprot	M0QXY8
Q13315	Alt_uniprot	E9PIN0
Q13315	Alt_uniprot	E9PRG7
Q13315	Alt_uniprot	E9PIQ5
Q13315	Alt_uniprot	A0A024R3C7
Q13315	STRING	9606.ENSP00000278616
Q13315	GeneCards	ATM
Q13315	KEGG	hsa:472
Q13315	MIM	208900
Q13315	MIM	607585
Q13315	GeneID	472
P08246	UniProtKB-ID	ELNE
P08246	Gene_Name	ELANE
P08246	Alt_uniprot	B2MUD5
P08246	Gene_Synonym	ELA2
P08246	STRING	9606.ENSP00000263621
P08246	GeneCards	ELANE
P08246	KEGG	hsa:1991
P08246	MIM	162800
P08246	MIM	130130
P08246	MIM	202700
P08246	GeneID	1991
Q96B36	UniProtKB-ID	AKTS1
Q96B36	Gene_Name	AKT1S1
Q96B36	Alt_uniprot	A0A024QZF6
Q96B36	Alt_uniprot	H9KV91
Q96B36	Gene_Synonym	PRAS40
Q96B36	STRING	9606.ENSP00000341698
Q96B36	GeneCards	AKT1S1
Q96B36	KEGG	hsa:84335
Q96B36	MIM	610221
Q96B36	GeneID	84335
P43351	UniProtKB-ID	RAD52
P43351	Gene_Name	RAD52
P43351	Alt_uniprot	Q3MI84
P43351	Alt_uniprot	Q9UHE4
P43351	Alt_uniprot	D3DUP4
P43351	Alt_uniprot	Q1RMF2
P43351	Alt_uniprot	Q5DR82
P43351	Alt_uniprot	Q9UHE2
P43351	Alt_uniprot	Q9UHE3
P43351	Alt_uniprot	E9PF95
P43351	Alt_uniprot	F5H1K5
P43351	Alt_uniprot	F5GX95
P43351	STRING	9606.ENSP00000351284
P43351	GeneCards	RAD52
P43351	KEGG	hsa:5893
P43351	MIM	600392
P43351	GeneID	5893
Q16594	UniProtKB-ID	TAF9
Q16594	Gene_Name	TAF9
Q16594	Alt_uniprot	D6RGK3
Q16594	Alt_uniprot	D6RIE8
Q16594	Alt_uniprot	D6RIV9
Q16594	Alt_uniprot	D6RIY1
Q16594	Alt_uniprot	D6RHW1
Q16594	Gene_Synonym	TAF2G
Q16594	Gene_Synonym	TAFII31
Q16594	STRING	9606.ENSP00000217893
Q16594	GeneCards	TAF9
Q16594	KEGG	hsa:6880
Q16594	MIM	600822
Q16594	GeneID	6880
P12034	UniProtKB-ID	FGF5
P12034	Gene_Name	FGF5
P12034	Alt_uniprot	Q6A549
P12034	Alt_uniprot	Q8NBG6
P12034	STRING	9606.ENSP00000311697
P12034	GeneCards	FGF5
P12034	KEGG	hsa:2250
P12034	MIM	165190
P12034	MIM	190330
P12034	GeneID	2250
P10767	UniProtKB-ID	FGF6
P10767	Gene_Name	FGF6
P10767	Gene_Synonym	HST2
P10767	Gene_Synonym	HSTF2
P10767	STRING	9606.ENSP00000228837
P10767	GeneCards	FGF6
P10767	KEGG	hsa:2251
P10767	MIM	134921
P10767	GeneID	2251
P55211	UniProtKB-ID	CASP9
P55211	Gene_Name	CASP9
P55211	Alt_uniprot	Q5JRU2
P55211	Alt_uniprot	A8K7U6
P55211	Alt_uniprot	Q59GG2
P55211	Alt_uniprot	A8K7R5
P55211	Alt_uniprot	H0Y3S8
P55211	Alt_uniprot	F8VVS7
P55211	Alt_uniprot	A0A087WX72
P55211	Gene_Synonym	MCH6
P55211	STRING	9606.ENSP00000330237
P55211	GeneCards	CASP9
P55211	KEGG	hsa:842
P55211	MIM	602234
P55211	GeneID	842
A0A0A0MR48	UniProtKB-ID	A0A0A0MR48
A0A0A0MR48	Gene_Name	HRH3
A0A0A0MR48	Alt_uniprot	Q8NCH4
A0A0A0MR48	Alt_uniprot	Q8WXZ9
A0A0A0MR48	Alt_uniprot	Q8WY01
Q9BYC2	UniProtKB-ID	SCOT2
Q9BYC2	Gene_Name	OXCT2
Q9BYC2	Alt_uniprot	B3KS89
Q9BYC2	Alt_uniprot	Q9H7N8
Q9BYC2	Gene_Synonym	FLJ00030
Q9BYC2	STRING	9606.ENSP00000361914
Q9BYC2	GeneCards	OXCT2
Q9BYC2	KEGG	hsa:64064
Q9BYC2	MIM	610289
Q9BYC2	GeneID	64064
P35916	UniProtKB-ID	VGFR3
P35916	Gene_Name	FLT4
P35916	Alt_uniprot	E9PD35
P35916	Gene_Synonym	VEGFR3
P35916	STRING	9606.ENSP00000261937
P35916	GeneCards	FLT4
P35916	KEGG	hsa:2324
P35916	MIM	602089
P35916	MIM	153100
P35916	MIM	136352
P35916	GeneID	2324
P49023	UniProtKB-ID	PAXI
P49023	Gene_Name	PXN
P49023	Alt_uniprot	B3KVL0
P49023	Alt_uniprot	A0A140VJQ8
P49023	Alt_uniprot	F5GZ78
P49023	STRING	9606.ENSP00000228307
P49023	GeneCards	PXN
P49023	KEGG	hsa:5829
P49023	MIM	602505
P49023	GeneID	5829
P17948	UniProtKB-ID	VGFR1
P17948	Gene_Name	FLT1
P17948	Alt_uniprot	X2QIK8
P17948	Alt_uniprot	H9N1E7
P17948	Alt_uniprot	H9N1E8
P17948	Alt_uniprot	B1AC84
P17948	Alt_uniprot	A0A1W2PNW4
P17948	Alt_uniprot	L7RSL3
P17948	Alt_uniprot	S5U0M6
P17948	Gene_Synonym	VEGFR1
P17948	Gene_Synonym	FLT-1
P17948	Gene_Synonym	FLT
P17948	Gene_Synonym	FRT
P17948	STRING	9606.ENSP00000282397
P17948	GeneCards	FLT1
P17948	KEGG	hsa:2321
P17948	MIM	165070
P17948	GeneID	2321
Q9UHF0	UniProtKB-ID	TKNK
Q9UHF0	Gene_Name	TAC3
Q9UHF0	Alt_uniprot	Q2UVB8
Q9UHF0	Alt_uniprot	A0A024RB47
Q9UHF0	Gene_Synonym	NKNB
Q9UHF0	STRING	9606.ENSP00000300108
Q9UHF0	GeneCards	TAC3
Q9UHF0	KEGG	hsa:6866
Q9UHF0	MIM	162330
Q9UHF0	MIM	614839
Q9UHF0	GeneID	6866
Q92731	UniProtKB-ID	ESR2
Q92731	Gene_Name	ESR2
Q92731	Alt_uniprot	F1D8N3
Q92731	Alt_uniprot	Q59F41
Q92731	Alt_uniprot	Q0PTK2
Q92731	Alt_uniprot	Q7LCB3
Q92731	Alt_uniprot	G3V5S2
Q92731	Gene_Synonym	ESTRB
Q92731	Gene_Synonym	NR3A2
Q92731	STRING	9606.ENSP00000343925
Q92731	GeneCards	ESR2
Q92731	KEGG	hsa:2100
Q92731	MIM	601663
Q92731	GeneID	2100
A0A024R2Q0	UniProtKB-ID	A0A024R2Q0
A0A024R2Q0	Gene_Name	CCR2
A0A024R2Q0	GeneID	729230
Q99075	UniProtKB-ID	HBEGF
Q99075	Gene_Name	HBEGF
Q99075	Alt_uniprot	Q53H93
Q99075	Gene_Synonym	DTS
Q99075	Gene_Synonym	DTR
Q99075	Gene_Synonym	HEGFL
Q99075	STRING	9606.ENSP00000230990
Q99075	GeneCards	HBEGF
Q99075	KEGG	hsa:1839
Q99075	MIM	126150
Q99075	GeneID	1839
Q16514	UniProtKB-ID	TAF12
Q16514	Gene_Name	TAF12
Q16514	Gene_Synonym	TAFII20
Q16514	Gene_Synonym	TAF2J
Q16514	Gene_Synonym	TAF15
Q16514	STRING	9606.ENSP00000263974
Q16514	GeneCards	TAF12
Q16514	KEGG	hsa:6883
Q16514	MIM	600773
Q16514	GeneID	6883
P29466	UniProtKB-ID	CASP1
P29466	Gene_Name	CASP1
P29466	Alt_uniprot	A8K257
P29466	Alt_uniprot	A8K249
P29466	Alt_uniprot	G3V169
P29466	Alt_uniprot	B2R8U9
P29466	Gene_Synonym	IL1BCE
P29466	Gene_Synonym	IL1BC
P29466	STRING	9606.ENSP00000410076
P29466	GeneCards	CASP1
P29466	KEGG	hsa:834
P29466	MIM	147678
P29466	GeneID	834
P28335	UniProtKB-ID	5HT2C
P28335	Gene_Name	HTR2C
P28335	Alt_uniprot	B3VRE5
P28335	Alt_uniprot	B3VRE0
P28335	Alt_uniprot	B3VRF0
P28335	Gene_Synonym	HTR1C
P28335	STRING	9606.ENSP00000276198
P28335	GeneCards	HTR2C
P28335	KEGG	hsa:3358
P28335	MIM	312861
P28335	GeneID	3358
P08887	UniProtKB-ID	IL6RA
P08887	Gene_Name	IL6R
P08887	Alt_uniprot	A0N0L5
P08887	Alt_uniprot	A0A087WTB5
P08887	STRING	9606.ENSP00000357470
P08887	GeneCards	IL6R
P08887	KEGG	hsa:3570
P08887	MIM	147880
P08887	MIM	614752
P08887	MIM	614689
P08887	GeneID	3570
P42566	UniProtKB-ID	EPS15
P42566	Gene_Name	EPS15
P42566	Alt_uniprot	B7Z240
P42566	Gene_Synonym	AF1P
P42566	STRING	9606.ENSP00000360798
P42566	GeneCards	EPS15
P42566	KEGG	hsa:2060
P42566	MIM	600051
P42566	GeneID	2060
P39060	UniProtKB-ID	COIA1
P39060	Gene_Name	COL18A1
P39060	Alt_uniprot	D3DSM5
P39060	Alt_uniprot	A0A1B1PFY7
P39060	Alt_uniprot	D3DSM4
P39060	STRING	9606.ENSP00000347665
P39060	GeneCards	COL18A1
P39060	KEGG	hsa:80781
P39060	MIM	120328
P39060	MIM	267750
P39060	GeneID	80781
P14635	UniProtKB-ID	CCNB1
P14635	Gene_Name	CCNB1
P14635	Alt_uniprot	Q9BPX9
P14635	Alt_uniprot	E9PC90
P14635	Alt_uniprot	H1UBN2
P14635	Gene_Synonym	CCNB1V
P14635	Gene_Synonym	CCNB
P14635	STRING	9606.ENSP00000256442
P14635	GeneCards	CCNB1
P14635	KEGG	hsa:891
P14635	MIM	123836
P14635	GeneID	891
Q8IXB0	UniProtKB-ID	Q8IXB0
Q8IXB0	GeneID	4987
P19174	UniProtKB-ID	PLCG1
P19174	Gene_Name	PLCG1
P19174	Alt_uniprot	V9GY71
P19174	Alt_uniprot	Q4LE43
P19174	Gene_Synonym	PLC1
P19174	Gene_Synonym	PLCG1 variant protein
P19174	STRING	9606.ENSP00000244007
P19174	GeneCards	PLCG1
P19174	KEGG	hsa:5335
P19174	MIM	172420
P19174	GeneID	5335
P11362	UniProtKB-ID	FGFR1
P11362	Gene_Name	FGFR1
P11362	Alt_uniprot	A0A0S2Z3T4
P11362	Alt_uniprot	A0A1B0RPQ4
P11362	Alt_uniprot	D3DSX2
P11362	Alt_uniprot	Q53G05
P11362	Alt_uniprot	A0A0S2Z3T9
P11362	Alt_uniprot	A0A0S2Z3Q6
P11362	Alt_uniprot	E9PKX3
P11362	Gene_Synonym	HBGFR
P11362	Gene_Synonym	CEK
P11362	Gene_Synonym	FGFBR
P11362	Gene_Synonym	BFGFR
P11362	Gene_Synonym	FLT2
P11362	Gene_Synonym	FLG
P11362	STRING	9606.ENSP00000393312
P11362	GeneCards	FGFR1
P11362	KEGG	hsa:2260
P11362	MIM	615465
P11362	MIM	136350
P11362	MIM	101600
P11362	MIM	166250
P11362	MIM	147950
P11362	MIM	123150
P11362	MIM	613001
P11362	MIM	190440
P11362	GeneID	2260
K9J958	UniProtKB-ID	K9J958
K9J958	GeneID	3358
P29371	UniProtKB-ID	NK3R
P29371	Gene_Name	TACR3
P29371	Alt_uniprot	Q4VBL9
P29371	Alt_uniprot	A0A1B0RPQ1
P29371	Alt_uniprot	Q0IIN4
P29371	Gene_Synonym	TAC3R
P29371	Gene_Synonym	NK3R
P29371	STRING	9606.ENSP00000303325
P29371	GeneCards	TACR3
P29371	KEGG	hsa:6870
P29371	MIM	162332
P29371	MIM	614840
P29371	GeneID	6870
P29597	UniProtKB-ID	TYK2
P29597	Gene_Name	TYK2
P29597	Alt_uniprot	K7EJR6
P29597	Alt_uniprot	E9PQL2
P29597	Alt_uniprot	A0A024R7E4
P29597	Alt_uniprot	E9PM19
P29597	STRING	9606.ENSP00000264818
P29597	GeneCards	TYK2
P29597	KEGG	hsa:7297
P29597	MIM	611521
P29597	MIM	176941
P29597	GeneID	7297
P34969	UniProtKB-ID	5HT7R
P34969	Gene_Name	HTR7
P34969	STRING	9606.ENSP00000337949
P34969	GeneCards	HTR7
P34969	KEGG	hsa:3363
P34969	MIM	182137
P34969	GeneID	3363
Q07817	UniProtKB-ID	B2CL1
Q07817	Gene_Name	BCL2L1
Q07817	Alt_uniprot	A0A0S2Z3C5
Q07817	Gene_Synonym	BCL2L
Q07817	Gene_Synonym	BCLX
Q07817	STRING	9606.ENSP00000302564
Q07817	GeneCards	BCL2L1
Q07817	KEGG	hsa:598
Q07817	MIM	600039
Q07817	GeneID	598
Q14416	UniProtKB-ID	GRM2
Q14416	Gene_Name	GRM2
Q14416	Alt_uniprot	A8K1R9
Q14416	Alt_uniprot	B0AZM5
Q14416	Gene_Synonym	GPRC1B
Q14416	Gene_Synonym	MGLUR2
Q14416	STRING	9606.ENSP00000378492
Q14416	GeneCards	GRM2
Q14416	KEGG	hsa:2912
Q14416	MIM	604099
Q14416	GeneID	2912
Q16661	UniProtKB-ID	GUC2B
Q16661	Gene_Name	GUCA2B
Q16661	STRING	9606.ENSP00000361662
Q16661	GeneCards	GUCA2B
Q16661	KEGG	hsa:2981
Q16661	MIM	601271
Q16661	GeneID	2981
Q16665	UniProtKB-ID	HIF1A
Q16665	Gene_Name	HIF1A
Q16665	Alt_uniprot	D0VY79
Q16665	Alt_uniprot	A8MYV6
Q16665	Alt_uniprot	B4DS34
Q16665	Alt_uniprot	F8W9L0
Q16665	Alt_uniprot	B4E2U7
Q16665	Alt_uniprot	B2R617
Q16665	Gene_Synonym	BHLHE78
Q16665	Gene_Synonym	MOP1
Q16665	STRING	9606.ENSP00000338018
Q16665	GeneCards	HIF1A
Q16665	KEGG	hsa:3091
Q16665	MIM	603348
Q16665	GeneID	3091
O75943	UniProtKB-ID	RAD17
O75943	Gene_Name	RAD17
O75943	Alt_uniprot	A0A0G2JNH5
O75943	Alt_uniprot	D6RA84
O75943	Alt_uniprot	D6RAW6
O75943	Alt_uniprot	A0A0G2JP78
O75943	Alt_uniprot	A0A0G2JPT5
O75943	Gene_Synonym	R24L
O75943	STRING	9606.ENSP00000370151
O75943	GeneCards	RAD17
O75943	KEGG	hsa:5884
O75943	MIM	603139
O75943	GeneID	5884
P01133	UniProtKB-ID	EGF
P01133	Gene_Name	EGF
P01133	Alt_uniprot	Q6QBS2
P01133	STRING	9606.ENSP00000265171
P01133	GeneCards	EGF
P01133	KEGG	hsa:1950
P01133	MIM	611718
P01133	MIM	131530
P01133	GeneID	1950
P01135	UniProtKB-ID	TGFA
P01135	Gene_Name	TGFA
P01135	Alt_uniprot	E7EPT6
P01135	Alt_uniprot	F8VNR3
P01135	Alt_uniprot	Q9UIS2
P01135	Alt_uniprot	Q9UIS1
P01135	Alt_uniprot	F8WA74
P01135	STRING	9606.ENSP00000295400
P01135	GeneCards	TGFA
P01135	KEGG	hsa:7039
P01135	MIM	190170
P01135	GeneID	7039
P40939	UniProtKB-ID	ECHA
P40939	Gene_Name	HADHA
P40939	Alt_uniprot	E9KL44
P40939	Alt_uniprot	B4DDZ5
P40939	Gene_Synonym	HADH
P40939	STRING	9606.ENSP00000370023
P40939	GeneCards	HADHA
P40939	KEGG	hsa:3030
P40939	MIM	609015
P40939	MIM	609016
P40939	MIM	600890
P40939	GeneID	3030
O95180	UniProtKB-ID	CAC1H
O95180	Gene_Name	CACNA1H
O95180	Alt_uniprot	A0A1W2PR14
O95180	Alt_uniprot	Q9NYY6
O95180	Alt_uniprot	Q9NYY7
O95180	STRING	9606.ENSP00000334198
O95180	GeneCards	CACNA1H
O95180	KEGG	hsa:8912
O95180	MIM	607904
O95180	MIM	611942
O95180	MIM	617027
O95180	GeneID	8912
P06730	UniProtKB-ID	IF4E
P06730	Gene_Name	EIF4E
P06730	Alt_uniprot	X5D7E3
P06730	Gene_Synonym	EIF4F
P06730	Gene_Synonym	EIF4EL1
P06730	GeneCards	EIF4E
P06730	KEGG	hsa:1977
P06730	MIM	615091
P06730	MIM	133440
P06730	GeneID	1977
O60716	UniProtKB-ID	CTND1
O60716	Gene_Name	CTNND1
O60716	Alt_uniprot	Q7KZJ3
O60716	Alt_uniprot	E9PKL1
O60716	Alt_uniprot	Q96FS1
O60716	Alt_uniprot	E9PRE2
O60716	Alt_uniprot	A0A024R4Z0
O60716	Alt_uniprot	A0A024R4Y7
O60716	Alt_uniprot	Q68DU0
O60716	Alt_uniprot	E9PKY0
O60716	Alt_uniprot	C9JZR2
O60716	Gene_Synonym	DKFZp781O2021
O60716	Gene_Synonym	KIAA0384
O60716	STRING	9606.ENSP00000382004
O60716	GeneCards	CTNND1
O60716	KEGG	hsa:1500
O60716	MIM	601045
O60716	MIM	617681
O60716	GeneID	1500
P09917	UniProtKB-ID	LOX5
P09917	Gene_Name	ALOX5
P09917	Gene_Synonym	LOG5
P09917	STRING	9606.ENSP00000363512
P09917	GeneCards	ALOX5
P09917	KEGG	hsa:240
P09917	MIM	152390
P09917	GeneID	240
P01308	UniProtKB-ID	INS
P01308	Gene_Name	INS
P01308	Alt_uniprot	I3WAC9
P01308	Alt_uniprot	F6MZK5
P01308	STRING	9606.ENSP00000250971
P01308	GeneCards	INS
P01308	KEGG	hsa:3630
P01308	MIM	616214
P01308	MIM	606176
P01308	MIM	125852
P01308	MIM	176730
P01308	MIM	613370
P01308	GeneID	3630
P16671	UniProtKB-ID	CD36
P16671	Gene_Name	CD36
P16671	Alt_uniprot	A0A0G3VSQ7
P16671	Alt_uniprot	Q9BQA7
P16671	Alt_uniprot	A0A0G3VR70
P16671	Alt_uniprot	E7EU05
P16671	Alt_uniprot	E7EX47
P16671	Alt_uniprot	A4D1B1
P16671	Alt_uniprot	V5M404
P16671	Alt_uniprot	Q9BZM9
P16671	Alt_uniprot	E7ERZ9
P16671	Alt_uniprot	E9PC45
P16671	Alt_uniprot	Q9BZN0
P16671	Alt_uniprot	B3KUB8
P16671	Alt_uniprot	D9IX64
P16671	Alt_uniprot	E9PLT1
P16671	Alt_uniprot	Q9BZN2
P16671	Alt_uniprot	E7EWI4
P16671	Alt_uniprot	E9PJX8
P16671	Alt_uniprot	D9IX65
P16671	Alt_uniprot	Q9BZN6
P16671	Alt_uniprot	D9IX63
P16671	Gene_Synonym	GP4
P16671	Gene_Synonym	GP3B
P16671	STRING	9606.ENSP00000308165
P16671	GeneCards	CD36
P16671	KEGG	hsa:948
P16671	MIM	248310
P16671	MIM	610938
P16671	MIM	611162
P16671	MIM	608404
P16671	MIM	173510
P16671	GeneID	948
P21802	UniProtKB-ID	FGFR2
P21802	Gene_Name	FGFR2
P21802	Alt_uniprot	A0A141AXF8
P21802	Alt_uniprot	Q7KZ14
P21802	Alt_uniprot	H7BXU9
P21802	Alt_uniprot	A0A141AXF4
P21802	Alt_uniprot	A0A0A0MR25
P21802	Alt_uniprot	A0A141AXF3
P21802	Alt_uniprot	D3DRD9
P21802	Alt_uniprot	A0A141AXF0
P21802	Alt_uniprot	Q16888
P21802	Alt_uniprot	B5A962
P21802	Alt_uniprot	D2CGD1
P21802	Alt_uniprot	A0A1B0GYB8
P21802	Alt_uniprot	D3DRE0
P21802	Alt_uniprot	D3DRD6
P21802	Alt_uniprot	D3DRD5
P21802	Gene_Synonym	TK25
P21802	Gene_Synonym	BEK
P21802	Gene_Synonym	KGFR
P21802	Gene_Synonym	KSAM
P21802	STRING	9606.ENSP00000410294
P21802	GeneCards	FGFR2
P21802	KEGG	hsa:2263
P21802	MIM	609579
P21802	MIM	176943
P21802	MIM	101600
P21802	MIM	123500
P21802	MIM	101200
P21802	MIM	149730
P21802	MIM	123790
P21802	MIM	123150
P21802	MIM	207410
P21802	MIM	614592
P21802	MIM	101400
P21802	GeneID	2263
P42345	UniProtKB-ID	MTOR
P42345	Gene_Name	MTOR
P42345	Alt_uniprot	B1AKP8
P42345	Alt_uniprot	Q96QW8
P42345	Gene_Synonym	RAPT1
P42345	Gene_Synonym	RAFT1
P42345	Gene_Synonym	FRAP1
P42345	Gene_Synonym	FRAP2
P42345	Gene_Synonym	FRAP
P42345	STRING	9606.ENSP00000354558
P42345	GeneCards	MTOR
P42345	KEGG	hsa:2475
P42345	MIM	616638
P42345	MIM	607341
P42345	MIM	601231
P42345	GeneID	2475
Q0IJ44	UniProtKB-ID	Q0IJ44
Q0IJ44	Gene_Name	FGFR3
Q0IJ44	Alt_uniprot	A8E633
Q0IJ44	KEGG	hsa:2261
Q0IJ44	GeneID	2261
P52799	UniProtKB-ID	EFNB2
P52799	Gene_Name	EFNB2
P52799	Alt_uniprot	Q2PDH7
P52799	Gene_Synonym	LERK5
P52799	Gene_Synonym	EPLG5
P52799	Gene_Synonym	HTKL
P52799	STRING	9606.ENSP00000245323
P52799	GeneCards	EFNB2
P52799	KEGG	hsa:1948
P52799	MIM	600527
P52799	GeneID	1948
Q13639	UniProtKB-ID	5HT4R
Q13639	Gene_Name	HTR4
Q13639	Alt_uniprot	Q8IXH9
Q13639	Alt_uniprot	A0A2D3FAF9
Q13639	Gene_Synonym	HTR4B
Q13639	GeneCards	HTR4
Q13639	KEGG	hsa:3360
Q13639	MIM	602164
Q13639	GeneID	3360
P35557	UniProtKB-ID	HXK4
P35557	Gene_Name	GCK
P35557	Alt_uniprot	C9JQD1
P35557	Alt_uniprot	A7LFL1
P35557	Alt_uniprot	M4PPE1
P35557	Alt_uniprot	Q53Y25
P35557	STRING	9606.ENSP00000223366
P35557	GeneCards	GCK
P35557	KEGG	hsa:2645
P35557	MIM	138079
P35557	MIM	602485
P35557	MIM	125853
P35557	MIM	125851
P35557	MIM	606391
P35557	MIM	606176
P35557	GeneID	2645
P07900	UniProtKB-ID	HS90A
P07900	Gene_Name	HSP90AA1
P07900	Alt_uniprot	Q96HX7
P07900	Alt_uniprot	K9JA46
P07900	Alt_uniprot	A0A0U1RR69
P07900	Alt_uniprot	Q86SX1
P07900	Alt_uniprot	Q8TBA7
P07900	Gene_Synonym	HSPCA
P07900	Gene_Synonym	EL52
P07900	Gene_Synonym	HSPC1
P07900	Gene_Synonym	HSP90A
P07900	Gene_Synonym	HEL-S-65p
P07900	STRING	9606.ENSP00000335153
P07900	GeneCards	HSP90AA1
P07900	KEGG	hsa:3320
P07900	MIM	140571
P07900	GeneID	3320
P13500	UniProtKB-ID	CCL2
P13500	Gene_Name	CCL2
P13500	Gene_Synonym	MCP1
P13500	Gene_Synonym	SCYA2
P13500	STRING	9606.ENSP00000225831
P13500	GeneCards	CCL2
P13500	KEGG	hsa:6347
P13500	MIM	607948
P13500	MIM	158105
P13500	GeneID	6347
Q12879	UniProtKB-ID	NMDE1
Q12879	Gene_Name	GRIN2A
Q12879	Alt_uniprot	A0A1B0GUT1
Q12879	Alt_uniprot	Q547U9
Q12879	Alt_uniprot	A0A1B0GVW1
Q12879	Alt_uniprot	Q59EW6
Q12879	Gene_Synonym	NR2A
Q12879	Gene_Synonym	NMDAR2A
Q12879	STRING	9606.ENSP00000332549
Q12879	GeneCards	GRIN2A
Q12879	KEGG	hsa:2903
Q12879	MIM	138253
Q12879	MIM	245570
Q12879	GeneID	2903
Q15544	UniProtKB-ID	TAF11
Q15544	Gene_Name	TAF11
Q15544	Gene_Synonym	TAF2I
Q15544	STRING	9606.ENSP00000354633
Q15544	GeneCards	TAF11
Q15544	KEGG	hsa:6882
Q15544	MIM	600772
Q15544	GeneID	6882
Q15545	UniProtKB-ID	TAF7
Q15545	Gene_Name	TAF7
Q15545	Gene_Synonym	TAF2F
Q15545	Gene_Synonym	TAFII55
Q15545	STRING	9606.ENSP00000312709
Q15545	GeneCards	TAF7
Q15545	KEGG	hsa:6879
Q15545	MIM	600573
Q15545	GeneID	6879
Q15542	UniProtKB-ID	TAF5
Q15542	Gene_Name	TAF5
Q15542	Gene_Synonym	TAF2D
Q15542	STRING	9606.ENSP00000358854
Q15542	GeneCards	TAF5
Q15542	KEGG	hsa:6877
Q15542	MIM	601787
Q15542	GeneID	6877
Q15543	UniProtKB-ID	TAF13
Q15543	Gene_Name	TAF13
Q15543	Alt_uniprot	Q0VA92
Q15543	Alt_uniprot	A0A024R089
Q15543	Gene_Synonym	TAF2K
Q15543	STRING	9606.ENSP00000355051
Q15543	GeneCards	TAF13
Q15543	KEGG	hsa:6884
Q15543	MIM	600774
Q15543	MIM	617432
Q15543	GeneID	6884
Q6R327	UniProtKB-ID	RICTR
Q6R327	Gene_Name	RICTOR
Q6R327	Alt_uniprot	D6R9S6
Q6R327	Alt_uniprot	Q8N6M7
Q6R327	Gene_Synonym	KIAA1999
Q6R327	STRING	9606.ENSP00000349959
Q6R327	GeneCards	RICTOR
Q6R327	KEGG	hsa:253260
Q6R327	MIM	609022
Q6R327	GeneID	253260
P43681	UniProtKB-ID	ACHA4
P43681	Gene_Name	CHRNA4
P43681	Alt_uniprot	Q5EIV0
P43681	Alt_uniprot	Q5EIU9
P43681	Alt_uniprot	Q4VAQ3
P43681	Alt_uniprot	Q59FV0
P43681	Gene_Synonym	NACRA4
P43681	STRING	9606.ENSP00000359285
P43681	GeneCards	CHRNA4
P43681	KEGG	hsa:1137
P43681	MIM	600513
P43681	MIM	118504
P43681	GeneID	1137
P24385	UniProtKB-ID	CCND1
P24385	Gene_Name	CCND1
P24385	Alt_uniprot	Q6FI00
P24385	Alt_uniprot	Q9H014
P24385	Gene_Synonym	cyclin D1
P24385	Gene_Synonym	BCL1
P24385	Gene_Synonym	PRAD1
P24385	STRING	9606.ENSP00000227507
P24385	GeneCards	CCND1
P24385	KEGG	hsa:595
P24385	MIM	168461
P24385	MIM	254500
P24385	GeneID	595
P14780	UniProtKB-ID	MMP9
P14780	Gene_Name	MMP9
P14780	Alt_uniprot	F2YBS6
P14780	Alt_uniprot	B7Z507
P14780	Gene_Synonym	CLG4B
P14780	STRING	9606.ENSP00000361405
P14780	GeneCards	MMP9
P14780	KEGG	hsa:4318
P14780	MIM	613073
P14780	MIM	603932
P14780	MIM	120361
P14780	GeneID	4318
Q86YG3	UniProtKB-ID	Q86YG3
P09038	UniProtKB-ID	FGF2
P09038	Gene_Name	FGF2
P09038	Alt_uniprot	A0A087WUF6
P09038	Alt_uniprot	A0A0A0MQV6
P09038	Gene_Synonym	FGFB
P09038	STRING	9606.ENSP00000264498
P09038	GeneCards	FGF2
P09038	KEGG	hsa:2247
P09038	MIM	134920
P09038	GeneID	2247
O14757	UniProtKB-ID	CHK1
O14757	Gene_Name	CHEK1
O14757	Gene_Synonym	CHK1
O14757	STRING	9606.ENSP00000388648
O14757	GeneCards	CHEK1
O14757	KEGG	hsa:1111
O14757	MIM	603078
O14757	GeneID	1111
O75419	UniProtKB-ID	CDC45
O75419	Gene_Name	CDC45
O75419	Alt_uniprot	C9K087
O75419	Alt_uniprot	C9J911
O75419	Gene_Synonym	CDC45L2
O75419	Gene_Synonym	CDC45L
O75419	STRING	9606.ENSP00000405726
O75419	GeneCards	CDC45
O75419	KEGG	hsa:8318
O75419	MIM	603465
O75419	GeneID	8318
Q8NER1	UniProtKB-ID	TRPV1
Q8NER1	Gene_Name	TRPV1
Q8NER1	Alt_uniprot	E7EQ78
Q8NER1	Alt_uniprot	Q8IZY9
Q8NER1	Alt_uniprot	Q3LU46
Q8NER1	Alt_uniprot	Q09HS5
Q8NER1	Alt_uniprot	D3DTJ2
Q8NER1	Gene_Synonym	VR1
Q8NER1	STRING	9606.ENSP00000459962
Q8NER1	GeneCards	TRPV1
Q8NER1	KEGG	hsa:7442
Q8NER1	MIM	602076
Q8NER1	GeneID	7442
P14416	UniProtKB-ID	DRD2
P14416	Gene_Name	DRD2
P14416	Alt_uniprot	Q6LDH7
P14416	Alt_uniprot	A0A024R3C5
P14416	STRING	9606.ENSP00000354859
P14416	GeneCards	DRD2
P14416	KEGG	hsa:1813
P14416	MIM	126450
P14416	MIM	103780
P14416	GeneID	1813
Q07820	UniProtKB-ID	MCL1
Q07820	Gene_Name	MCL1
Q07820	Alt_uniprot	B4DG83
Q07820	Gene_Synonym	BCL2L3
Q07820	STRING	9606.ENSP00000358022
Q07820	GeneCards	MCL1
Q07820	KEGG	hsa:4170
Q07820	MIM	159552
Q07820	GeneID	4170
P47869	UniProtKB-ID	GBRA2
P47869	Gene_Name	GABRA2
P47869	Alt_uniprot	A0A024R9X6
P47869	STRING	9606.ENSP00000348897
P47869	GeneCards	GABRA2
P47869	KEGG	hsa:2555
P47869	MIM	137140
P47869	MIM	103780
P47869	GeneID	2555
P06239	UniProtKB-ID	LCK
P06239	Gene_Name	LCK
P06239	Alt_uniprot	B4DZS7
P06239	Alt_uniprot	A0A0S2Z3Y8
P06239	STRING	9606.ENSP00000337825
P06239	GeneCards	LCK
P06239	KEGG	hsa:3932
P06239	MIM	615758
P06239	MIM	153390
P06239	GeneID	3932
Q13478	UniProtKB-ID	IL18R
Q13478	Gene_Name	IL18R1
Q13478	Alt_uniprot	B7ZKV7
Q13478	Gene_Synonym	IL1RRP
Q13478	STRING	9606.ENSP00000233957
Q13478	GeneCards	IL18R1
Q13478	KEGG	hsa:8809
Q13478	MIM	604494
Q13478	GeneID	8809
P11310	UniProtKB-ID	ACADM
P11310	Gene_Name	ACADM
P11310	Alt_uniprot	A0A0S2Z366
P11310	Alt_uniprot	B4DJE7
P11310	STRING	9606.ENSP00000409612
P11310	GeneCards	ACADM
P11310	KEGG	hsa:34
P11310	MIM	201450
P11310	MIM	607008
P11310	GeneID	34
Q9UBT1	UniProtKB-ID	Q9UBT1
Q9UBT1	GeneID	2099
A0A125SXW3	UniProtKB-ID	A0A125SXW3
A0A125SXW3	Gene_Name	ESR1
A0A125SXW3	Alt_uniprot	A0A125SXV9
A0A125SXW3	Alt_uniprot	Q16405
A0A125SXW3	Gene_Synonym	estrogen receptor/ ER
A0A125SXW3	GeneID	2099
Q14116	UniProtKB-ID	IL18
Q14116	Gene_Name	IL18
Q14116	Alt_uniprot	A0A024R3E0
Q14116	Alt_uniprot	B0YJ28
Q14116	Alt_uniprot	Q96KJ8
Q14116	Gene_Synonym	IGIF
Q14116	Gene_Synonym	IL1F4
Q14116	STRING	9606.ENSP00000280357
Q14116	GeneCards	IL18
Q14116	KEGG	hsa:3606
Q14116	MIM	600953
Q14116	GeneID	3606
O75899	UniProtKB-ID	GABR2
O75899	Gene_Name	GABBR2
O75899	Alt_uniprot	H9NIL8
O75899	Gene_Synonym	GPRC3B
O75899	Gene_Synonym	GPR51
O75899	STRING	9606.ENSP00000259455
O75899	GeneCards	GABBR2
O75899	KEGG	hsa:9568
O75899	MIM	607340
O75899	GeneID	9568
O15530	UniProtKB-ID	PDPK1
O15530	Gene_Name	PDPK1
O15530	Alt_uniprot	Q53HJ9
O15530	Gene_Synonym	PDK1
O15530	STRING	9606.ENSP00000344220
O15530	GeneCards	PDPK1
O15530	KEGG	hsa:5170
O15530	MIM	605213
O15530	GeneID	5170
Q9NRY4	UniProtKB-ID	RHG35
Q9NRY4	Gene_Name	ARHGAP35
Q9NRY4	Gene_Synonym	GRF1
Q9NRY4	STRING	9606.ENSP00000385720
Q9NRY4	GeneCards	ARHGAP35
Q9NRY4	KEGG	hsa:2909
Q9NRY4	MIM	605277
Q9NRY4	GeneID	2909
Q15067	UniProtKB-ID	ACOX1
Q15067	Gene_Name	ACOX1
Q15067	Alt_uniprot	A0A024R8T3
Q15067	Alt_uniprot	B4DU07
Q15067	Alt_uniprot	A0A024R8L7
Q15067	Gene_Synonym	ACOX
Q15067	STRING	9606.ENSP00000293217
Q15067	GeneCards	ACOX1
Q15067	KEGG	hsa:51
Q15067	MIM	264470
Q15067	MIM	609751
Q15067	GeneID	51
P20226	UniProtKB-ID	TBP
P20226	Gene_Name	TBP
P20226	Alt_uniprot	D2CT64
P20226	Alt_uniprot	Q32MN7
P20226	Alt_uniprot	D2CT66
P20226	Alt_uniprot	C0LUL1
P20226	Alt_uniprot	D2CT63
P20226	Alt_uniprot	Q5U0C8
P20226	Alt_uniprot	Q7Z6S5
P20226	Alt_uniprot	Q7Z6S4
P20226	Gene_Synonym	TF2D
P20226	Gene_Synonym	TFIID
P20226	Gene_Synonym	GTF2D1
P20226	STRING	9606.ENSP00000230354
P20226	GeneCards	TBP
P20226	KEGG	hsa:6908
P20226	MIM	600075
P20226	MIM	607136
P20226	GeneID	6908
P06493	UniProtKB-ID	CDK1
P06493	Gene_Name	CDK1
P06493	Alt_uniprot	A0A024QZP7
P06493	Alt_uniprot	Q5H9N4
P06493	Alt_uniprot	E5RIU6
P06493	Gene_Synonym	CDC28A
P06493	Gene_Synonym	CDC2
P06493	Gene_Synonym	P34CDC2
P06493	Gene_Synonym	CDKN1
P06493	Gene_Synonym	DKFZp686L20222
P06493	STRING	9606.ENSP00000378699
P06493	GeneCards	CDK1
P06493	KEGG	hsa:983
P06493	MIM	116940
P06493	GeneID	983
P22681	UniProtKB-ID	CBL
P22681	Gene_Name	CBL
P22681	Alt_uniprot	A0A0U1RQX8
P22681	Alt_uniprot	A0A1B0GW38
P22681	Alt_uniprot	A0A0U1ZE08
P22681	Gene_Synonym	CBL2
P22681	Gene_Synonym	c-Cbl
P22681	Gene_Synonym	RNF55
P22681	STRING	9606.ENSP00000264033
P22681	GeneCards	CBL
P22681	KEGG	hsa:867
P22681	MIM	613563
P22681	MIM	165360
P22681	GeneID	867
P21554	UniProtKB-ID	CNR1
P21554	Gene_Name	CNR1
P21554	Alt_uniprot	F8W187
P21554	Alt_uniprot	S5TLS4
P21554	Alt_uniprot	Q9BYY6
P21554	Alt_uniprot	Q506J9
P21554	Alt_uniprot	F8W908
P21554	Gene_Synonym	CNR
P21554	STRING	9606.ENSP00000358511
P21554	GeneCards	CNR1
P21554	KEGG	hsa:1268
P21554	MIM	114610
P21554	MIM	601665
P21554	GeneID	1268
O00141	UniProtKB-ID	SGK1
O00141	Gene_Name	SGK1
O00141	Alt_uniprot	E9PJN2
O00141	Alt_uniprot	B7Z1G1
O00141	Alt_uniprot	E9PP33
O00141	Gene_Synonym	SGK
O00141	STRING	9606.ENSP00000356832
O00141	GeneCards	SGK1
O00141	KEGG	hsa:6446
O00141	MIM	602958
O00141	GeneID	6446
Q14191	UniProtKB-ID	WRN
Q14191	Gene_Name	WRN
Q14191	Gene_Synonym	RECQ3
Q14191	Gene_Synonym	RECQL2
Q14191	STRING	9606.ENSP00000298139
Q14191	GeneCards	WRN
Q14191	KEGG	hsa:7486
Q14191	MIM	604611
Q14191	MIM	114500
Q14191	MIM	277700
Q14191	GeneID	7486
P60484	UniProtKB-ID	PTEN
P60484	Gene_Name	PTEN
P60484	Alt_uniprot	A0A1V0DNR7
P60484	Alt_uniprot	A0A024QYR6
P60484	Alt_uniprot	A0A142FGX1
P60484	Alt_uniprot	F6KD01
P60484	Gene_Synonym	TEP1
P60484	Gene_Synonym	MMAC1
P60484	STRING	9606.ENSP00000361021
P60484	GeneCards	PTEN
P60484	KEGG	hsa:5728
P60484	MIM	158350
P60484	MIM	153480
P60484	MIM	601728
P60484	MIM	276950
P60484	MIM	605309
P60484	MIM	275355
P60484	MIM	176807
P60484	MIM	137800
P60484	MIM	613028
P60484	MIM	612242
P60484	MIM	608089
P60484	GeneID	5728
P49815	UniProtKB-ID	TSC2
P49815	Gene_Name	TSC2
P49815	Alt_uniprot	H3BMQ0
P49815	Alt_uniprot	X5D2U8
P49815	Alt_uniprot	A0A1V1FWM5
P49815	Alt_uniprot	A0A1V1FTF4
P49815	Alt_uniprot	X5D7Q2
P49815	Alt_uniprot	A0A1V1G0D9
P49815	Alt_uniprot	A0A1V1G0E9
P49815	Alt_uniprot	A0A1V1FNX1
P49815	Alt_uniprot	A0A1V1FFQ4
P49815	Alt_uniprot	A0A1V1FWL6
P49815	Alt_uniprot	X5D9D6
P49815	Gene_Synonym	TSC4
P49815	STRING	9606.ENSP00000219476
P49815	GeneCards	TSC2
P49815	KEGG	hsa:7249
P49815	MIM	613254
P49815	MIM	607341
P49815	MIM	191092
P49815	MIM	606690
P49815	GeneID	7249
P01350	UniProtKB-ID	GAST
P01350	Gene_Name	GAST
P01350	Alt_uniprot	A0A0E3VY36
P01350	Gene_Synonym	GAS
P01350	STRING	9606.ENSP00000331358
P01350	GeneCards	GAST
P01350	KEGG	hsa:2520
P01350	MIM	137250
P01350	GeneID	2520
P09341	UniProtKB-ID	GROA
P09341	Gene_Name	CXCL1
P09341	Alt_uniprot	Q6LD34
P09341	Gene_Synonym	SCYB1
P09341	Gene_Synonym	GROA
P09341	Gene_Synonym	GRO
P09341	Gene_Synonym	GRO1
P09341	Gene_Synonym	MGSA
P09341	Gene_Synonym	MGSA alpha
P09341	STRING	9606.ENSP00000379110
P09341	GeneCards	CXCL1
P09341	KEGG	hsa:2919
P09341	MIM	155730
P09341	GeneID	2919
P25963	UniProtKB-ID	IKBA
P25963	Gene_Name	NFKBIA
P25963	Gene_Synonym	NFKBI
P25963	Gene_Synonym	IKBA
P25963	Gene_Synonym	MAD3
P25963	STRING	9606.ENSP00000216797
P25963	GeneCards	NFKBIA
P25963	KEGG	hsa:4792
P25963	MIM	612132
P25963	MIM	164008
P25963	GeneID	4792
O96017	UniProtKB-ID	CHK2
O96017	Gene_Name	CHEK2
O96017	Alt_uniprot	A8JZZ5
O96017	Alt_uniprot	C9JFD7
O96017	Alt_uniprot	B7ZBF7
O96017	Alt_uniprot	F8WCV2
O96017	Alt_uniprot	B7ZBF2
O96017	Alt_uniprot	Q683Z8
O96017	Alt_uniprot	H7C0V7
O96017	Alt_uniprot	B7ZBF8
O96017	Gene_Synonym	CDS1
O96017	Gene_Synonym	RAD53
O96017	Gene_Synonym	CHK2
O96017	GeneCards	CHEK2
O96017	KEGG	hsa:11200
O96017	MIM	609265
O96017	MIM	259500
O96017	MIM	114480
O96017	MIM	604373
O96017	MIM	176807
O96017	GeneID	11200
Q15700	UniProtKB-ID	DLG2
Q15700	Gene_Name	DLG2
Q15700	Alt_uniprot	A0A240F9Y2
Q15700	Alt_uniprot	F8W750
Q15700	Alt_uniprot	B5MCC5
Q15700	Alt_uniprot	E9PRL2
Q15700	Alt_uniprot	E9PIJ9
Q15700	Alt_uniprot	E9PN83
Q15700	STRING	9606.ENSP00000365272
Q15700	GeneCards	DLG2
Q15700	KEGG	hsa:1740
Q15700	MIM	603583
Q15700	GeneID	1740
P22607	UniProtKB-ID	FGFR3
P22607	Gene_Name	FGFR3
P22607	Alt_uniprot	Q8NI15
P22607	Alt_uniprot	F8W9L4
P22607	Alt_uniprot	X5D2G8
P22607	Alt_uniprot	Q8NI16
P22607	Gene_Synonym	JTK4
P22607	STRING	9606.ENSP00000339824
P22607	GeneCards	FGFR3
P22607	KEGG	hsa:2261
P22607	MIM	134934
P22607	MIM	146000
P22607	MIM	149730
P22607	MIM	602849
P22607	MIM	100800
P22607	MIM	109800
P22607	MIM	616482
P22607	MIM	187600
P22607	MIM	187601
P22607	MIM	254500
P22607	MIM	603956
P22607	MIM	612247
P22607	MIM	182000
P22607	MIM	162900
P22607	MIM	610474
P22607	MIM	273300
P22607	GeneID	2261
O00268	UniProtKB-ID	TAF4
O00268	Gene_Name	TAF4
O00268	Alt_uniprot	A0A0G2JRY5
O00268	Gene_Synonym	TAFII130
O00268	Gene_Synonym	TAF4A
O00268	Gene_Synonym	TAFII135
O00268	Gene_Synonym	TAF2C
O00268	Gene_Synonym	TAF2C1
O00268	STRING	9606.ENSP00000252996
O00268	GeneCards	TAF4
O00268	KEGG	hsa:6874
O00268	MIM	601796
O00268	GeneID	6874
P28482	UniProtKB-ID	MK01
P28482	Gene_Name	MAPK1
P28482	Alt_uniprot	Q1HBJ4
P28482	Gene_Synonym	PRKM2
P28482	Gene_Synonym	ERK2
P28482	Gene_Synonym	PRKM1
P28482	STRING	9606.ENSP00000215832
P28482	GeneCards	MAPK1
P28482	KEGG	hsa:5594
P28482	MIM	176948
P28482	GeneID	5594
P35625	UniProtKB-ID	TIMP3
P35625	Gene_Name	TIMP3
P35625	STRING	9606.ENSP00000266085
P35625	GeneCards	TIMP3
P35625	KEGG	hsa:7078
P35625	MIM	188826
P35625	MIM	136900
P35625	GeneID	7078
Q92750	UniProtKB-ID	TAF4B
Q92750	Gene_Name	TAF4B
Q92750	Alt_uniprot	J3KTH2
Q92750	Alt_uniprot	A4PBF7
Q92750	Alt_uniprot	B4DYT3
Q92750	Alt_uniprot	A4PBF8
Q92750	Gene_Synonym	TAFII105
Q92750	Gene_Synonym	taf4b
Q92750	Gene_Synonym	TAF2C2
Q92750	STRING	9606.ENSP00000269142
Q92750	GeneCards	TAF4B
Q92750	KEGG	hsa:6875
Q92750	MIM	601689
Q92750	MIM	615841
Q92750	GeneID	6875
Q12962	UniProtKB-ID	TAF10
Q12962	Gene_Name	TAF10
Q12962	Gene_Synonym	TAFII30
Q12962	Gene_Synonym	TAF2H
Q12962	Gene_Synonym	TAF2A
Q12962	STRING	9606.ENSP00000299424
Q12962	GeneCards	TAF10
Q12962	KEGG	hsa:6881
Q12962	MIM	600475
Q12962	GeneID	6881
Q86V86	UniProtKB-ID	PIM3
Q86V86	Gene_Name	PIM3
Q86V86	STRING	9606.ENSP00000353824
Q86V86	GeneCards	PIM3
Q86V86	KEGG	hsa:415116
Q86V86	MIM	610580
Q86V86	GeneID	415116
Q92547	UniProtKB-ID	TOPB1
Q92547	Gene_Name	TOPBP1
Q92547	Alt_uniprot	A7E2X7
Q92547	Alt_uniprot	A0AV47
Q92547	Gene_Synonym	KIAA0259
Q92547	STRING	9606.ENSP00000260810
Q92547	GeneCards	TOPBP1
Q92547	KEGG	hsa:11073
Q92547	MIM	607760
Q92547	GeneID	11073
Q99572	UniProtKB-ID	P2RX7
Q99572	Gene_Name	P2RX7
Q99572	Alt_uniprot	C6KE32
Q99572	Alt_uniprot	Q0IJ51
Q99572	Alt_uniprot	B3KR29
Q99572	Alt_uniprot	Q59EV2
Q99572	Alt_uniprot	B7Z3W4
Q99572	STRING	9606.ENSP00000442349
Q99572	GeneCards	P2RX7
Q99572	KEGG	hsa:5027
Q99572	MIM	602566
Q99572	GeneID	5027
Q92934	UniProtKB-ID	BAD
Q92934	Gene_Name	BAD
Q92934	Alt_uniprot	F5H1R6
Q92934	Alt_uniprot	F5H3B1
Q92934	Alt_uniprot	A0A024R562
Q92934	Gene_Synonym	BCL2L8
Q92934	Gene_Synonym	BBC6
Q92934	STRING	9606.ENSP00000309103
Q92934	GeneCards	BAD
Q92934	KEGG	hsa:572
Q92934	MIM	603167
Q92934	GeneID	572
P48736	UniProtKB-ID	PK3CG
P48736	Gene_Name	PIK3CG
P48736	Alt_uniprot	A8K9G9
P48736	Alt_uniprot	A0A024R720
P48736	Alt_uniprot	Q24M88
P48736	Alt_uniprot	E9PDN7
P48736	STRING	9606.ENSP00000352121
P48736	GeneCards	PIK3CG
P48736	KEGG	hsa:5294
P48736	MIM	601232
P48736	GeneID	5294
Q9UQ84	UniProtKB-ID	EXO1
Q9UQ84	Gene_Name	EXO1
Q9UQ84	Alt_uniprot	Q5T399
Q9UQ84	Alt_uniprot	A0A024R3V2
Q9UQ84	Alt_uniprot	E5RGY3
Q9UQ84	Alt_uniprot	A8K5H6
Q9UQ84	Alt_uniprot	Q5T397
Q9UQ84	Gene_Synonym	HEX1
Q9UQ84	Gene_Synonym	EXOI
Q9UQ84	STRING	9606.ENSP00000311873
Q9UQ84	GeneCards	EXO1
Q9UQ84	KEGG	hsa:9156
Q9UQ84	MIM	606063
Q9UQ84	GeneID	9156
Q9BVC4	UniProtKB-ID	LST8
Q9BVC4	Gene_Name	MLST8
Q9BVC4	Alt_uniprot	H3BN58
Q9BVC4	Alt_uniprot	H3BR25
Q9BVC4	Alt_uniprot	H3BSZ4
Q9BVC4	Alt_uniprot	H3BQ74
Q9BVC4	Gene_Synonym	GBL
Q9BVC4	Gene_Synonym	LST8
Q9BVC4	STRING	9606.ENSP00000380313
Q9BVC4	GeneCards	MLST8
Q9BVC4	KEGG	hsa:64223
Q9BVC4	MIM	612190
Q9BVC4	GeneID	64223
Q15596	UniProtKB-ID	NCOA2
Q15596	Gene_Name	NCOA2
Q15596	Gene_Synonym	BHLHE75
Q15596	Gene_Synonym	SRC2
Q15596	Gene_Synonym	TIF2
Q15596	STRING	9606.ENSP00000399968
Q15596	GeneCards	NCOA2
Q15596	KEGG	hsa:10499
Q15596	MIM	601993
Q15596	GeneID	10499
P15311	UniProtKB-ID	EZRI
P15311	Gene_Name	EZR
P15311	Alt_uniprot	B7Z5V2
P15311	Alt_uniprot	Q6NUR7
P15311	Alt_uniprot	E7EQR4
P15311	Alt_uniprot	B7Z9R6
P15311	Alt_uniprot	B2R6J2
P15311	Alt_uniprot	V9HW42
P15311	Gene_Synonym	VIL2
P15311	Gene_Synonym	HEL-S-105
P15311	STRING	9606.ENSP00000338934
P15311	GeneCards	EZR
P15311	KEGG	hsa:7430
P15311	MIM	123900
P15311	GeneID	7430
P29353	UniProtKB-ID	SHC1
P29353	Gene_Name	SHC1
P29353	Alt_uniprot	Q5T182
P29353	Alt_uniprot	Q5T188
P29353	Alt_uniprot	B4DL02
P29353	Alt_uniprot	X6R6D0
P29353	Alt_uniprot	Q59HB0
P29353	Gene_Synonym	SHC
P29353	Gene_Synonym	SHCA
P29353	STRING	9606.ENSP00000401303
P29353	GeneCards	SHC1
P29353	KEGG	hsa:6464
P29353	MIM	600560
P29353	GeneID	6464
P36544	UniProtKB-ID	ACHA7
P36544	Gene_Name	CHRNA7
P36544	Alt_uniprot	Q5W554
P36544	Alt_uniprot	A0A1W2PN81
P36544	Gene_Synonym	NACHRA7
P36544	GeneCards	CHRNA7
P36544	KEGG	hsa:1139
P36544	MIM	118511
P36544	GeneID	89832
P36544	GeneID	1139
P06744	UniProtKB-ID	G6PI
P06744	Gene_Name	GPI
P06744	Alt_uniprot	K7ERK8
P06744	Alt_uniprot	K7EP41
P06744	Alt_uniprot	A0A0A0MTS2
P06744	Alt_uniprot	A0A0J9YXP8
P06744	Alt_uniprot	K7EIL4
P06744	Alt_uniprot	A0A0J9YYH3
P06744	Alt_uniprot	K7ELR7
P06744	STRING	9606.ENSP00000405573
P06744	GeneCards	GPI
P06744	KEGG	hsa:2821
P06744	MIM	172400
P06744	MIM	613470
P06744	GeneID	2821
P18206	UniProtKB-ID	VINC
P18206	Gene_Name	VCL
P18206	Alt_uniprot	V9HWK2
P18206	Gene_Synonym	HEL114
P18206	STRING	9606.ENSP00000211998
P18206	GeneCards	VCL
P18206	KEGG	hsa:7414
P18206	MIM	613255
P18206	MIM	193065
P18206	MIM	611407
P18206	GeneID	7414
Q16836	UniProtKB-ID	HCDH
Q16836	Gene_Name	HADH
Q16836	Alt_uniprot	B2RB06
Q16836	Alt_uniprot	A0A0A0MSE2
Q16836	Alt_uniprot	E9PF18
Q16836	Alt_uniprot	A0A140VK76
Q16836	Gene_Synonym	SCHAD
Q16836	Gene_Synonym	HADHSC
Q16836	Gene_Synonym	HAD
Q16836	STRING	9606.ENSP00000385638
Q16836	GeneCards	HADH
Q16836	KEGG	hsa:3033
Q16836	MIM	601609
Q16836	MIM	609975
Q16836	MIM	231530
Q16836	GeneID	3033
A0A024RD25	UniProtKB-ID	A0A024RD25
A0A024RD25	Gene_Name	PIM1
A0A024RD25	GeneID	5292
P21860	UniProtKB-ID	ERBB3
P21860	Gene_Name	ERBB3
P21860	Alt_uniprot	F8VRL0
P21860	Alt_uniprot	A0A024RB84
P21860	Alt_uniprot	Q9NNX2
P21860	Alt_uniprot	F8VW56
P21860	Alt_uniprot	F8VX90
P21860	Alt_uniprot	F8VW48
P21860	Gene_Synonym	HER3
P21860	Gene_Synonym	c-erbB-3
P21860	STRING	9606.ENSP00000267101
P21860	GeneCards	ERBB3
P21860	KEGG	hsa:2065
P21860	MIM	190151
P21860	MIM	607598
P21860	GeneID	2065
P08620	UniProtKB-ID	FGF4
P08620	Gene_Name	FGF4
P08620	Gene_Synonym	KS3
P08620	Gene_Synonym	HST
P08620	Gene_Synonym	HSTF1
P08620	STRING	9606.ENSP00000168712
P08620	GeneCards	FGF4
P08620	KEGG	hsa:2249
P08620	MIM	164980
P08620	GeneID	2249
P04626	UniProtKB-ID	ERBB2
P04626	Gene_Name	ERBB2
P04626	Alt_uniprot	J3QLV2
P04626	Alt_uniprot	F5H1T4
P04626	Alt_uniprot	A0A0R9RWK2
P04626	Alt_uniprot	Q9NP09
P04626	Alt_uniprot	X5DNK3
P04626	Gene_Synonym	MLN19
P04626	Gene_Synonym	HER2
P04626	Gene_Synonym	NGL
P04626	Gene_Synonym	NEU
P04626	STRING	9606.ENSP00000269571
P04626	GeneCards	ERBB2
P04626	KEGG	hsa:2064
P04626	MIM	613659
P04626	MIM	211980
P04626	MIM	164870
P04626	MIM	137800
P04626	MIM	167000
P04626	GeneID	2064
O14786	UniProtKB-ID	NRP1
O14786	Gene_Name	NRP1
O14786	Alt_uniprot	Q5T7F0
O14786	Alt_uniprot	Q71SW6
O14786	Alt_uniprot	Q9H2D8
O14786	Alt_uniprot	Q59F20
O14786	Alt_uniprot	Q9H2E1
O14786	Alt_uniprot	Q9H2E0
O14786	Alt_uniprot	E9PEP6
O14786	Alt_uniprot	Q7Z5M2
O14786	Alt_uniprot	Q9H2D7
O14786	Alt_uniprot	Q6AWA9
O14786	Alt_uniprot	Q5JWQ2
O14786	Alt_uniprot	A8K9V7
O14786	Alt_uniprot	Q68DN3
O14786	Alt_uniprot	Q5JWQ6
O14786	Alt_uniprot	Q5JWQ4
O14786	Alt_uniprot	E7EX60
O14786	Alt_uniprot	Q6X907
O14786	Gene_Synonym	DKFZp781F1414
O14786	Gene_Synonym	NRP
O14786	Gene_Synonym	VEGF165R
O14786	Gene_Synonym	DKFZp686M1967
O14786	Gene_Synonym	DKFZp686A03134
O14786	STRING	9606.ENSP00000265371
O14786	GeneCards	NRP1
O14786	KEGG	hsa:8829
O14786	MIM	602069
O14786	GeneID	8829
Q13131	UniProtKB-ID	AAPK1
Q13131	Gene_Name	PRKAA1
Q13131	Gene_Synonym	AMPK1
Q13131	STRING	9606.ENSP00000346148
Q13131	GeneCards	PRKAA1
Q13131	KEGG	hsa:5562
Q13131	MIM	602739
Q13131	GeneID	5562
P60953	UniProtKB-ID	CDC42
P60953	Gene_Name	CDC42
P60953	Alt_uniprot	A0A024RAE4
P60953	STRING	9606.ENSP00000314458
P60953	GeneCards	CDC42
P60953	KEGG	hsa:998
P60953	MIM	616737
P60953	MIM	116952
P60953	GeneID	998
Q12778	UniProtKB-ID	FOXO1
Q12778	Gene_Name	FOXO1
Q12778	Gene_Synonym	FOXO1A
Q12778	Gene_Synonym	FKHR
Q12778	STRING	9606.ENSP00000368880
Q12778	GeneCards	FOXO1
Q12778	KEGG	hsa:2308
Q12778	MIM	268220
Q12778	MIM	136533
Q12778	GeneID	2308
Q06124	UniProtKB-ID	PTN11
Q06124	Gene_Name	PTPN11
Q06124	Alt_uniprot	B3GUD3
Q06124	Gene_Synonym	SHPTP2
Q06124	Gene_Synonym	PTP2C
Q06124	STRING	9606.ENSP00000340944
Q06124	GeneCards	PTPN11
Q06124	KEGG	hsa:5781
Q06124	MIM	163950
Q06124	MIM	156250
Q06124	MIM	607785
Q06124	MIM	151100
Q06124	MIM	176876
Q06124	GeneID	5781
P01112	UniProtKB-ID	RASH
P01112	Gene_Name	HRAS
P01112	Alt_uniprot	X5D945
P01112	Gene_Synonym	HRAS1
P01112	STRING	9606.ENSP00000309845
P01112	GeneCards	HRAS
P01112	KEGG	hsa:3265
P01112	MIM	163200
P01112	MIM	188470
P01112	MIM	190020
P01112	MIM	218040
P01112	MIM	109800
P01112	GeneID	3265
P01111	UniProtKB-ID	RASN
P01111	Gene_Name	NRAS
P01111	Alt_uniprot	Q5U091
P01111	Gene_Synonym	HRAS1
P01111	STRING	9606.ENSP00000358548
P01111	GeneCards	NRAS
P01111	KEGG	hsa:4893
P01111	MIM	188470
P01111	MIM	164790
P01111	MIM	613224
P01111	MIM	249400
P01111	MIM	162900
P01111	MIM	137550
P01111	MIM	614470
P01111	MIM	607785
P01111	GeneID	4893
P01116	UniProtKB-ID	RASK
P01116	Gene_Name	KRAS
P01116	Alt_uniprot	L7RSL8
P01116	Alt_uniprot	A0A221ZRZ1
P01116	Alt_uniprot	I1SRC5
P01116	Gene_Synonym	RASK2
P01116	Gene_Synonym	KRAS2
P01116	STRING	9606.ENSP00000256078
P01116	GeneCards	KRAS
P01116	KEGG	hsa:3845
P01116	MIM	601626
P01116	MIM	615278
P01116	MIM	609942
P01116	MIM	613659
P01116	MIM	190070
P01116	MIM	607785
P01116	GeneID	3845
P20248	UniProtKB-ID	CCNA2
P20248	Gene_Name	CCNA2
P20248	Gene_Synonym	CCN1
P20248	STRING	9606.ENSP00000274026
P20248	GeneCards	CCNA2
P20248	KEGG	hsa:890
P20248	MIM	123835
P20248	GeneID	890
O15554	UniProtKB-ID	KCNN4
O15554	Gene_Name	KCNN4
O15554	Alt_uniprot	M0QZ70
O15554	Alt_uniprot	M0R2E8
O15554	Gene_Synonym	SK4
O15554	Gene_Synonym	IK1
O15554	Gene_Synonym	IKCA1
O15554	Gene_Synonym	KCA4
O15554	STRING	9606.ENSP00000262888
O15554	GeneCards	KCNN4
O15554	KEGG	hsa:3783
O15554	MIM	616689
O15554	MIM	602754
O15554	GeneID	3783
P49848	UniProtKB-ID	TAF6
P49848	Gene_Name	TAF6
P49848	Alt_uniprot	A4D299
P49848	Alt_uniprot	C9JFL8
P49848	Alt_uniprot	C9JIS2
P49848	Alt_uniprot	E5RKA5
P49848	Alt_uniprot	E5RHA1
P49848	Alt_uniprot	C9J7C4
P49848	Alt_uniprot	J3KR72
P49848	Alt_uniprot	C9JI39
P49848	Alt_uniprot	C9JTY6
P49848	Alt_uniprot	C9JHQ8
P49848	Alt_uniprot	C9J088
P49848	Gene_Synonym	TAFII70
P49848	Gene_Synonym	TAF2E
P49848	STRING	9606.ENSP00000399982
P49848	GeneCards	TAF6
P49848	KEGG	hsa:6878
P49848	MIM	617126
P49848	MIM	602955
P49848	GeneID	6878
P05164	UniProtKB-ID	PERM
P05164	Gene_Name	MPO
P05164	STRING	9606.ENSP00000225275
P05164	GeneCards	MPO
P05164	KEGG	hsa:4353
P05164	MIM	606989
P05164	MIM	254600
P05164	GeneID	4353
O00763	UniProtKB-ID	ACACB
O00763	Gene_Name	ACACB
O00763	Alt_uniprot	F5H5C3
O00763	Alt_uniprot	S4R3S7
O00763	Gene_Synonym	ACCB
O00763	Gene_Synonym	ACC2
O00763	STRING	9606.ENSP00000341044
O00763	GeneCards	ACACB
O00763	KEGG	hsa:32
O00763	MIM	601557
O00763	GeneID	32
Q92847	UniProtKB-ID	GHSR
Q92847	Gene_Name	GHSR
Q92847	STRING	9606.ENSP00000241256
Q92847	GeneCards	GHSR
Q92847	KEGG	hsa:2693
Q92847	MIM	615925
Q92847	MIM	601898
Q92847	GeneID	2693
P35225	UniProtKB-ID	IL13
P35225	Gene_Name	IL13
P35225	Alt_uniprot	Q4VB53
P35225	Alt_uniprot	Q4VB51
P35225	Gene_Synonym	NC30
P35225	STRING	9606.ENSP00000304915
P35225	GeneCards	IL13
P35225	KEGG	hsa:3596
P35225	MIM	607154
P35225	MIM	147683
P35225	GeneID	3596
P35222	UniProtKB-ID	CTNB1
P35222	Gene_Name	CTNNB1
P35222	Alt_uniprot	B4DGU4
P35222	Alt_uniprot	B5BU28
P35222	Alt_uniprot	A0A024R2Q3
P35222	Alt_uniprot	C9JV16
P35222	Alt_uniprot	C9IZ65
P35222	Gene_Synonym	CTNNB
P35222	STRING	9606.ENSP00000344456
P35222	GeneCards	CTNNB1
P35222	KEGG	hsa:1499
P35222	MIM	132600
P35222	MIM	116806
P35222	MIM	617572
P35222	MIM	181030
P35222	MIM	615075
P35222	MIM	155255
P35222	MIM	156240
P35222	MIM	114500
P35222	MIM	167000
P35222	GeneID	1499
P35228	UniProtKB-ID	NOS2
P35228	Gene_Name	NOS2
P35228	Alt_uniprot	Q9UM94
P35228	Gene_Synonym	NOS2A
P35228	STRING	9606.ENSP00000327251
P35228	GeneCards	NOS2
P35228	KEGG	hsa:4843
P35228	MIM	163730
P35228	MIM	611162
P35228	GeneID	4843
P23443	UniProtKB-ID	KS6B1
P23443	Gene_Name	RPS6KB1
P23443	Alt_uniprot	K7EIM2
P23443	Gene_Synonym	STK14A
P23443	STRING	9606.ENSP00000225577
P23443	GeneCards	RPS6KB1
P23443	KEGG	hsa:6198
P23443	MIM	608938
P23443	GeneID	6198
Q9HB90	UniProtKB-ID	RRAGC
Q9HB90	Gene_Name	RRAGC
Q9HB90	Alt_uniprot	D3DPT8
Q9HB90	STRING	9606.ENSP00000362092
Q9HB90	GeneCards	RRAGC
Q9HB90	KEGG	hsa:64121
Q9HB90	MIM	608267
Q9HB90	GeneID	64121
P16035	UniProtKB-ID	TIMP2
P16035	Gene_Name	TIMP2
P16035	Alt_uniprot	A0A140VK57
P16035	Alt_uniprot	A0A024R8V7
P16035	STRING	9606.ENSP00000262768
P16035	GeneCards	TIMP2
P16035	KEGG	hsa:7077
P16035	MIM	188825
P16035	GeneID	7077
P28845	UniProtKB-ID	DHI1
P28845	Gene_Name	HSD11B1
P28845	Alt_uniprot	X5D2L1
P28845	Alt_uniprot	A0A0A0MQV1
P28845	Alt_uniprot	A0A087WU76
P28845	Gene_Synonym	HSD11L
P28845	Gene_Synonym	SDR26C1
P28845	Gene_Synonym	HSD11
P28845	STRING	9606.ENSP00000261465
P28845	GeneCards	HSD11B1
P28845	KEGG	hsa:3290
P28845	MIM	614662
P28845	MIM	600713
P28845	GeneID	3290
P41597	UniProtKB-ID	CCR2
P41597	Gene_Name	CCR2
P41597	Alt_uniprot	L7RER4
P41597	Alt_uniprot	L7REX9
P41597	Alt_uniprot	E9PH76
P41597	Gene_Synonym	CMKBR2
P41597	STRING	9606.ENSP00000292301
P41597	GeneCards	CCR2
P41597	KEGG	hsa:729230
P41597	MIM	601267
P41597	MIM	609423
P41597	GeneID	729230
P31749	UniProtKB-ID	AKT1
P31749	Gene_Name	AKT1
P31749	Alt_uniprot	B3KVH4
P31749	Alt_uniprot	B0LPE5
P31749	Gene_Synonym	PKB
P31749	Gene_Synonym	RAC
P31749	STRING	9606.ENSP00000270202
P31749	GeneCards	AKT1
P31749	KEGG	hsa:207
P31749	MIM	615109
P31749	MIM	176920
P31749	MIM	114480
P31749	MIM	114500
P31749	MIM	164730
P31749	GeneID	207
P34998	UniProtKB-ID	CRFR1
P34998	Gene_Name	CRHR1
P34998	Alt_uniprot	G3CIS4
P34998	Alt_uniprot	B3TIK8
P34998	Alt_uniprot	Q8NG71
P34998	Alt_uniprot	Q8NFN9
P34998	Alt_uniprot	A0A0A0MQZ1
P34998	Gene_Synonym	CRFR1
P34998	Gene_Synonym	CRFR
P34998	Gene_Synonym	CRHR
P34998	Gene_Synonym	LINC02210-CRHR1
P34998	STRING	9606.ENSP00000381333
P34998	GeneCards	CRHR1
P34998	KEGG	hsa:1394
P34998	KEGG	hsa:104909134
P34998	MIM	122561
P34998	GeneID	104909134
P34998	GeneID	1394
P30291	UniProtKB-ID	WEE1
P30291	Gene_Name	WEE1
P30291	Alt_uniprot	Q6NSL2
P30291	Alt_uniprot	E9PRU3
P30291	Alt_uniprot	Q86V29
P30291	STRING	9606.ENSP00000402084
P30291	GeneCards	WEE1
P30291	KEGG	hsa:7465
P30291	MIM	193525
P30291	GeneID	7465
Q9P1W9	UniProtKB-ID	PIM2
Q9P1W9	Gene_Name	PIM2
Q9P1W9	Alt_uniprot	C9J8V9
Q9P1W9	Alt_uniprot	A0A024QYW7
Q9P1W9	STRING	9606.ENSP00000365692
Q9P1W9	GeneCards	PIM2
Q9P1W9	KEGG	hsa:11040
Q9P1W9	MIM	300295
Q9P1W9	GeneID	11040
P29474	UniProtKB-ID	NOS3
P29474	Gene_Name	NOS3
P29474	Alt_uniprot	E7ESA7
P29474	Alt_uniprot	B7Z7Z3
P29474	Alt_uniprot	Q96P37
P29474	Alt_uniprot	A0A0A0MTA6
P29474	Alt_uniprot	A0A090N8H8
P29474	STRING	9606.ENSP00000297494
P29474	GeneCards	NOS3
P29474	KEGG	hsa:4846
P29474	MIM	163729
P29474	GeneID	4846
Q5VZM2	UniProtKB-ID	RRAGB
Q5VZM2	Gene_Name	RRAGB
Q5VZM2	STRING	9606.ENSP00000262850
Q5VZM2	GeneCards	RRAGB
Q5VZM2	KEGG	hsa:10325
Q5VZM2	MIM	300725
Q5VZM2	GeneID	10325
Q13224	UniProtKB-ID	NMDE2
Q13224	Gene_Name	GRIN2B
Q13224	Alt_uniprot	Q59HA9
Q13224	Alt_uniprot	A0A0D9SFK0
Q13224	Gene_Synonym	NMDAR2B
Q13224	STRING	9606.ENSP00000279593
Q13224	GeneCards	GRIN2B
Q13224	KEGG	hsa:2904
Q13224	MIM	613970
Q13224	MIM	616139
Q13224	MIM	138252
Q13224	GeneID	2904
Q92574	UniProtKB-ID	TSC1
Q92574	Gene_Name	TSC1
Q92574	Alt_uniprot	X5D9D2
Q92574	Gene_Synonym	TSC
Q92574	Gene_Synonym	KIAA0243
Q92574	STRING	9606.ENSP00000298552
Q92574	GeneCards	TSC1
Q92574	KEGG	hsa:7248
Q92574	MIM	605284
Q92574	MIM	191100
Q92574	MIM	607341
Q92574	MIM	606690
Q92574	GeneID	7248
P62993	UniProtKB-ID	GRB2
P62993	Gene_Name	GRB2
P62993	Alt_uniprot	Q6ICN0
P62993	Alt_uniprot	B3KR50
P62993	Alt_uniprot	B0LPF3
P62993	Alt_uniprot	J3KT38
P62993	Gene_Synonym	ASH
P62993	STRING	9606.ENSP00000339007
P62993	GeneCards	GRB2
P62993	KEGG	hsa:2885
P62993	MIM	108355
P62993	GeneID	2885
P41146	UniProtKB-ID	OPRX
P41146	Gene_Name	OPRL1
P41146	Alt_uniprot	Q6FGM5
P41146	Gene_Synonym	ORL1
P41146	Gene_Synonym	OOR
P41146	STRING	9606.ENSP00000336764
P41146	GeneCards	OPRL1
P41146	KEGG	hsa:4987
P41146	MIM	602548
P41146	GeneID	4987
P41143	UniProtKB-ID	OPRD
P41143	Gene_Name	OPRD1
P41143	Gene_Synonym	OPRD
P41143	STRING	9606.ENSP00000234961
P41143	GeneCards	OPRD1
P41143	KEGG	hsa:4985
P41143	MIM	165195
P41143	GeneID	4985
A0A1U6XTF7	UniProtKB-ID	A0A1U6XTF7
A0A1U6XTF7	Gene_Name	CRHR1
A0A1U6XTF7	Alt_uniprot	B3SXS2
A0A1U6XTF7	GeneID	1394
Q13418	UniProtKB-ID	ILK
Q13418	Gene_Name	ILK
Q13418	Alt_uniprot	V9HWF0
Q13418	Gene_Synonym	ILK2
Q13418	Gene_Synonym	HEL-S-28
Q13418	Gene_Synonym	ILK1
Q13418	STRING	9606.ENSP00000299421
Q13418	GeneCards	ILK
Q13418	KEGG	hsa:3611
Q13418	MIM	602366
Q13418	GeneID	3611
P38936	UniProtKB-ID	CDN1A
P38936	Gene_Name	CDKN1A
P38936	Alt_uniprot	A0A024RCX5
P38936	Gene_Synonym	WAF1
P38936	Gene_Synonym	CIP1
P38936	Gene_Synonym	CDKN1
P38936	Gene_Synonym	CAP20
P38936	Gene_Synonym	PIC1
P38936	Gene_Synonym	SDI1
P38936	Gene_Synonym	MDA6
P38936	STRING	9606.ENSP00000244741
P38936	GeneCards	CDKN1A
P38936	KEGG	hsa:1026
P38936	MIM	116899
P38936	GeneID	1026
Q8N122	UniProtKB-ID	RPTOR
Q8N122	Gene_Name	RPTOR
Q8N122	Alt_uniprot	Q6DKI0
Q8N122	Gene_Synonym	raptor
Q8N122	Gene_Synonym	KIAA1303
Q8N122	Gene_Synonym	RAPTOR
Q8N122	STRING	9606.ENSP00000307272
Q8N122	GeneCards	RPTOR
Q8N122	KEGG	hsa:57521
Q8N122	MIM	607130
Q8N122	GeneID	57521
O14944	UniProtKB-ID	EREG
O14944	Gene_Name	EREG
O14944	STRING	9606.ENSP00000244869
O14944	GeneCards	EREG
O14944	KEGG	hsa:2069
O14944	MIM	602061
O14944	GeneID	2069
O60258	UniProtKB-ID	FGF17
O60258	Gene_Name	FGF17
O60258	STRING	9606.ENSP00000352414
O60258	GeneCards	FGF17
O60258	KEGG	hsa:8822
O60258	MIM	615270
O60258	MIM	603725
O60258	GeneID	8822
P16104	UniProtKB-ID	H2AX
P16104	Gene_Name	H2AFX
P16104	Gene_Synonym	H2AX
P16104	STRING	9606.ENSP00000364310
P16104	GeneCards	H2AFX
P16104	KEGG	hsa:3014
P16104	MIM	601772
P16104	GeneID	3014
Q03135	UniProtKB-ID	CAV1
Q03135	Gene_Name	CAV1
Q03135	Alt_uniprot	Q59E85
Q03135	Alt_uniprot	Q7Z4F3
Q03135	Alt_uniprot	A9XTE5
Q03135	Alt_uniprot	Q2TNI1
Q03135	Gene_Synonym	CAV
Q03135	STRING	9606.ENSP00000339191
Q03135	GeneCards	CAV1
Q03135	KEGG	hsa:857
Q03135	MIM	601047
Q03135	MIM	606721
Q03135	MIM	612526
Q03135	MIM	615343
Q03135	GeneID	857
Q99638	UniProtKB-ID	RAD9A
Q99638	Gene_Name	RAD9A
Q99638	STRING	9606.ENSP00000311360
Q99638	GeneCards	RAD9A
Q99638	KEGG	hsa:5883
Q99638	MIM	603761
Q99638	GeneID	5883
S4R381	UniProtKB-ID	S4R381
S4R381	Gene_Name	FGFR2
S4R381	GeneID	2263
P61586	UniProtKB-ID	RHOA
P61586	Gene_Name	RHOA
P61586	Alt_uniprot	Q9BVT0
P61586	Alt_uniprot	A0A024R324
P61586	Gene_Synonym	ARHA
P61586	Gene_Synonym	RHO12
P61586	Gene_Synonym	ARH12
P61586	STRING	9606.ENSP00000400175
P61586	GeneCards	RHOA
P61586	KEGG	hsa:387
P61586	MIM	165390
P61586	GeneID	387
P24941	UniProtKB-ID	CDK2
P24941	Gene_Name	CDK2
P24941	Alt_uniprot	A0A024RB77
P24941	Gene_Synonym	CDKN2
P24941	STRING	9606.ENSP00000266970
P24941	GeneCards	CDK2
P24941	KEGG	hsa:1017
P24941	MIM	116953
P24941	GeneID	1017
Q05586	UniProtKB-ID	NMDZ1
Q05586	Gene_Name	GRIN1
Q05586	Alt_uniprot	Q59H41
Q05586	Gene_Synonym	NMDAR1
Q05586	STRING	9606.ENSP00000360608
Q05586	GeneCards	GRIN1
Q05586	KEGG	hsa:2902
Q05586	MIM	138249
Q05586	MIM	614254
Q05586	GeneID	2902
P15692	UniProtKB-ID	VEGFA
P15692	Gene_Name	VEGFA
P15692	Alt_uniprot	A0A087WUD8
P15692	Alt_uniprot	A0A0A0MRQ4
P15692	Alt_uniprot	A0A087WTP4
P15692	Alt_uniprot	A0A024RD33
P15692	Alt_uniprot	A0A0A0MSH5
P15692	Alt_uniprot	A0A024RD37
P15692	Alt_uniprot	A0A0Y0J542
P15692	Alt_uniprot	A0A0A0MSI7
P15692	Alt_uniprot	A0A0A0MSH7
P15692	Alt_uniprot	A0A0A0MR43
P15692	Alt_uniprot	J3KPA4
P15692	Gene_Synonym	VEGF
P15692	STRING	9606.ENSP00000361125
P15692	GeneCards	VEGFA
P15692	KEGG	hsa:7422
P15692	MIM	192240
P15692	MIM	603933
P15692	GeneID	7422
P33151	UniProtKB-ID	CADH5
P33151	Gene_Name	CDH5
P33151	Alt_uniprot	Q4VAI4
P33151	Alt_uniprot	H3BQ82
P33151	Alt_uniprot	H3BR64
P33151	Alt_uniprot	B4DTR2
P33151	Alt_uniprot	Q59EA3
P33151	Alt_uniprot	H3BPG1
P33151	Alt_uniprot	I3L1J2
P33151	STRING	9606.ENSP00000344115
P33151	GeneCards	CDH5
P33151	KEGG	hsa:1003
P33151	MIM	601120
P33151	GeneID	1003
Q07889	UniProtKB-ID	SOS1
Q07889	Gene_Name	SOS1
Q07889	Alt_uniprot	Q59GG9
Q07889	Alt_uniprot	Q99898
Q07889	Alt_uniprot	Q9UKX9
Q07889	Alt_uniprot	C9K0N6
Q07889	Alt_uniprot	Q53SF8
Q07889	Alt_uniprot	G5E9C8
Q07889	Gene_Synonym	hSOS1
Q07889	STRING	9606.ENSP00000384675
Q07889	GeneCards	SOS1
Q07889	KEGG	hsa:6654
Q07889	MIM	610733
Q07889	MIM	135300
Q07889	MIM	182530
Q07889	GeneID	6654
O95998	UniProtKB-ID	I18BP
O95998	Gene_Name	IL18BP
O95998	Alt_uniprot	A0A024R5G2
O95998	Alt_uniprot	Q9UNH2
O95998	STRING	9606.ENSP00000260049
O95998	GeneCards	IL18BP
O95998	KEGG	hsa:10068
O95998	MIM	604113
O95998	GeneID	10068
P21781	UniProtKB-ID	FGF7
P21781	Gene_Name	FGF7
P21781	Alt_uniprot	H0YNE7
P21781	Gene_Synonym	KGF
P21781	STRING	9606.ENSP00000267843
P21781	GeneCards	FGF7
P21781	KEGG	hsa:2252
P21781	MIM	148180
P21781	GeneID	2252
P78527	UniProtKB-ID	PRKDC
P78527	Gene_Name	PRKDC
P78527	Alt_uniprot	F5GX40
P78527	Gene_Synonym	HYRC1
P78527	Gene_Synonym	HYRC
P78527	STRING	9606.ENSP00000313420
P78527	GeneCards	PRKDC
P78527	KEGG	hsa:5591
P78527	MIM	600899
P78527	MIM	615966
P78527	GeneID	5591
O60921	UniProtKB-ID	HUS1
O60921	Gene_Name	HUS1
O60921	Alt_uniprot	C9JCK8
O60921	Alt_uniprot	C9JA95
O60921	Alt_uniprot	A4D2F2
O60921	STRING	9606.ENSP00000258774
O60921	GeneCards	HUS1
O60921	KEGG	hsa:3364
O60921	MIM	603760
O60921	GeneID	3364
O76074	UniProtKB-ID	PDE5A
O76074	Gene_Name	PDE5A
O76074	Alt_uniprot	I6NLS4
O76074	Alt_uniprot	Q4W5L4
O76074	Alt_uniprot	G5E9C5
O76074	Alt_uniprot	C9JGT3
O76074	Alt_uniprot	Q9P0K5
O76074	Alt_uniprot	Q9P0K4
O76074	Alt_uniprot	Q9P0K6
O76074	Gene_Synonym	PDE5
O76074	STRING	9606.ENSP00000347046
O76074	GeneCards	PDE5A
O76074	KEGG	hsa:8654
O76074	MIM	603310
O76074	GeneID	8654
P08670	UniProtKB-ID	VIME
P08670	Gene_Name	VIM
P08670	Alt_uniprot	Q53HU8
P08670	Alt_uniprot	B0YJC4
P08670	Alt_uniprot	A0A1B0GTT5
P08670	Alt_uniprot	A0A1B0GVG8
P08670	Alt_uniprot	V9HWE1
P08670	Gene_Synonym	HEL113
P08670	STRING	9606.ENSP00000224237
P08670	GeneCards	VIM
P08670	KEGG	hsa:7431
P08670	MIM	116300
P08670	MIM	193060
P08670	GeneID	7431
P05305	UniProtKB-ID	EDN1
P05305	Gene_Name	EDN1
P05305	Alt_uniprot	Q6FH53
P05305	STRING	9606.ENSP00000368683
P05305	GeneCards	EDN1
P05305	KEGG	hsa:1906
P05305	MIM	131240
P05305	MIM	615706
P05305	MIM	612798
P05305	GeneID	1906
P35568	UniProtKB-ID	IRS1
P35568	Gene_Name	IRS1
P35568	Alt_uniprot	A0A024R499
P35568	STRING	9606.ENSP00000304895
P35568	GeneCards	IRS1
P35568	KEGG	hsa:3667
P35568	MIM	147545
P35568	MIM	125853
P35568	GeneID	3667
Q6P1X5	UniProtKB-ID	TAF2
Q6P1X5	Gene_Name	TAF2
Q6P1X5	Alt_uniprot	A0A024R9E6
Q6P1X5	Gene_Synonym	CIF150
Q6P1X5	Gene_Synonym	TAF2B
Q6P1X5	STRING	9606.ENSP00000367406
Q6P1X5	GeneCards	TAF2
Q6P1X5	KEGG	hsa:6873
Q6P1X5	MIM	604912
Q6P1X5	MIM	615599
Q6P1X5	GeneID	6873
Q15848	UniProtKB-ID	ADIPO
Q15848	Gene_Name	ADIPOQ
Q15848	Alt_uniprot	A8K660
Q15848	Alt_uniprot	B2R773
Q15848	Gene_Synonym	APM1
Q15848	Gene_Synonym	GBP28
Q15848	Gene_Synonym	ACDC
Q15848	Gene_Synonym	ACRP30
Q15848	STRING	9606.ENSP00000320709
Q15848	GeneCards	ADIPOQ
Q15848	KEGG	hsa:9370
Q15848	MIM	612556
Q15848	MIM	125853
Q15848	MIM	605441
Q15848	GeneID	9370
P16219	UniProtKB-ID	ACADS
P16219	Gene_Name	ACADS
P16219	Alt_uniprot	E5KSE7
P16219	Alt_uniprot	E5KSD5
P16219	Alt_uniprot	D4QEZ8
P16219	STRING	9606.ENSP00000242592
P16219	GeneCards	ACADS
P16219	KEGG	hsa:35
P16219	MIM	606885
P16219	MIM	201470
P16219	GeneID	35
Q99705	UniProtKB-ID	MCHR1
Q99705	Gene_Name	MCHR1
Q99705	Alt_uniprot	Q5IFI4
Q99705	Gene_Synonym	SLC1
Q99705	Gene_Synonym	GPR24
Q99705	STRING	9606.ENSP00000249016
Q99705	GeneCards	MCHR1
Q99705	KEGG	hsa:2847
Q99705	MIM	601751
Q99705	GeneID	2847
Q16552	UniProtKB-ID	IL17
Q16552	Gene_Name	IL17A
Q16552	Alt_uniprot	D9MX03
Q16552	Alt_uniprot	Q6NZ94
Q16552	Gene_Synonym	CTLA8
Q16552	Gene_Synonym	IL17
Q16552	STRING	9606.ENSP00000344192
Q16552	GeneCards	IL17A
Q16552	KEGG	hsa:3605
Q16552	MIM	603149
Q16552	GeneID	3605
Q9UBK2	UniProtKB-ID	PRGC1
Q9UBK2	Gene_Name	PPARGC1A
Q9UBK2	Alt_uniprot	A0A024R9Q9
Q9UBK2	Alt_uniprot	A0A087WVW3
Q9UBK2	Alt_uniprot	A0A087WTJ3
Q9UBK2	Gene_Synonym	LEM6
Q9UBK2	Gene_Synonym	PPARGC1
Q9UBK2	Gene_Synonym	PGC1A
Q9UBK2	Gene_Synonym	PGC1
Q9UBK2	STRING	9606.ENSP00000264867
Q9UBK2	GeneCards	PPARGC1A
Q9UBK2	KEGG	hsa:10891
Q9UBK2	MIM	604517
Q9UBK2	GeneID	10891
